months,race,contrabn,stops,month_tot,race_prop
2003-01-01,A,0,431,431.0,1.0
2003-01-01,B,0,6413,6413.0,1.0
2003-01-01,H,0,3902,4077.0,0.9570762815795928
2003-01-01,H,1,175,4077.0,0.04292371842040716
2003-01-01,W,0,1517,1642.0,0.9238733252131547
2003-01-01,W,1,125,1642.0,0.07612667478684532
2003-02-01,A,0,264,282.0,0.9361702127659575
2003-02-01,A,1,18,282.0,0.06382978723404255
2003-02-01,B,0,4829,5110.0,0.9450097847358121
2003-02-01,B,1,281,5110.0,0.05499021526418787
2003-02-01,H,0,3054,3283.0,0.930246725555894
2003-02-01,H,1,229,3283.0,0.069753274444106
2003-02-01,W,0,1207,1342.0,0.8994038748137109
2003-02-01,W,1,135,1342.0,0.10059612518628912
2003-03-01,A,0,285,293.0,0.9726962457337884
2003-03-01,A,1,8,293.0,0.027303754266211604
2003-03-01,B,0,5321,5464.0,0.9738286969253295
2003-03-01,B,1,143,5464.0,0.026171303074670572
2003-03-01,H,0,3549,3585.0,0.9899581589958159
2003-03-01,H,1,36,3585.0,0.0100418410041841
2003-03-01,W,0,1404,1468.0,0.9564032697547684
2003-03-01,W,1,64,1468.0,0.043596730245231606
2003-04-01,A,0,266,266.0,1.0
2003-04-01,B,0,5477,5732.0,0.9555129099790649
2003-04-01,B,1,255,5732.0,0.0444870900209351
2003-04-01,H,0,3247,3368.0,0.9640736342042755
2003-04-01,H,1,121,3368.0,0.03592636579572447
2003-04-01,W,0,1265,1339.0,0.9447348767737117
2003-04-01,W,1,74,1339.0,0.05526512322628827
2003-05-01,A,0,340,365.0,0.9315068493150684
2003-05-01,A,1,25,365.0,0.0684931506849315
2003-05-01,B,0,6141,6141.0,1.0
2003-05-01,H,0,3225,3296.0,0.9784587378640777
2003-05-01,H,1,71,3296.0,0.02154126213592233
2003-05-01,W,0,1605,1605.0,1.0
2003-06-01,A,0,257,257.0,1.0
2003-06-01,B,0,5175,5402.0,0.9579785264716771
2003-06-01,B,1,227,5402.0,0.04202147352832284
2003-06-01,H,0,2714,2910.0,0.9326460481099657
2003-06-01,H,1,196,2910.0,0.06735395189003436
2003-06-01,W,0,1295,1324.0,0.9780966767371602
2003-06-01,W,1,29,1324.0,0.02190332326283988
2003-07-01,A,0,320,320.0,1.0
2003-07-01,B,0,6365,6365.0,1.0
2003-07-01,H,0,3259,3293.0,0.9896750683267537
2003-07-01,H,1,34,3293.0,0.01032493167324628
2003-07-01,W,0,1340,1402.0,0.9557774607703281
2003-07-01,W,1,62,1402.0,0.0442225392296719
2003-08-01,A,0,451,451.0,1.0
2003-08-01,B,0,7491,7491.0,1.0
2003-08-01,H,0,4216,4306.0,0.979098931723177
2003-08-01,H,1,90,4306.0,0.02090106827682304
2003-08-01,W,0,1646,1646.0,1.0
2003-09-01,A,0,276,298.0,0.9261744966442953
2003-09-01,A,1,22,298.0,0.0738255033557047
2003-09-01,B,0,7244,7558.0,0.95845461762371
2003-09-01,B,1,314,7558.0,0.041545382376290026
2003-09-01,H,0,3700,3978.0,0.930115635997989
2003-09-01,H,1,278,3978.0,0.06988436400201106
2003-09-01,W,0,1575,1575.0,1.0
2003-10-01,A,0,438,466.0,0.9399141630901288
2003-10-01,A,1,28,466.0,0.060085836909871244
2003-10-01,B,0,8045,8045.0,1.0
2003-10-01,H,0,4710,4845.0,0.9721362229102167
2003-10-01,H,1,135,4845.0,0.02786377708978328
2003-10-01,W,0,1584,1584.0,1.0
2003-11-01,A,0,428,438.0,0.9771689497716894
2003-11-01,A,1,10,438.0,0.0228310502283105
2003-11-01,B,0,7709,8061.0,0.9563329611710706
2003-11-01,B,1,352,8061.0,0.043667038828929416
2003-11-01,H,0,4269,4414.0,0.967149977344812
2003-11-01,H,1,145,4414.0,0.032850022655188035
2003-11-01,W,0,1553,1613.0,0.962802231866088
2003-11-01,W,1,60,1613.0,0.037197768133911964
2003-12-01,A,0,271,271.0,1.0
2003-12-01,B,0,5599,5922.0,0.9454576156703817
2003-12-01,B,1,323,5922.0,0.054542384329618374
2003-12-01,H,0,3137,3226.0,0.972411655300682
2003-12-01,H,1,89,3226.0,0.02758834469931804
2003-12-01,W,0,1035,1083.0,0.9556786703601108
2003-12-01,W,1,48,1083.0,0.0443213296398892
2004-01-01,A,0,717,740.0,0.9689189189189189
2004-01-01,A,1,23,740.0,0.031081081081081083
2004-01-01,B,0,15147,16245.0,0.932409972299169
2004-01-01,B,1,1098,16245.0,0.06759002770083103
2004-01-01,H,0,8539,8775.0,0.9731054131054131
2004-01-01,H,1,236,8775.0,0.026894586894586896
2004-01-01,W,0,2277,2383.0,0.9555182543013009
2004-01-01,W,1,106,2383.0,0.044481745698699116
2004-02-01,A,0,1029,1055.0,0.9753554502369668
2004-02-01,A,1,26,1055.0,0.024644549763033177
2004-02-01,B,0,19589,20270.0,0.9664035520473606
2004-02-01,B,1,681,20270.0,0.03359644795263937
2004-02-01,H,0,12717,12717.0,1.0
2004-02-01,W,0,3433,3433.0,1.0
2004-03-01,A,0,913,913.0,1.0
2004-03-01,B,0,14925,14925.0,1.0
2004-03-01,H,0,10025,10025.0,1.0
2004-03-01,W,0,2703,2703.0,1.0
2004-04-01,A,0,806,822.0,0.9805352798053528
2004-04-01,A,1,16,822.0,0.019464720194647202
2004-04-01,B,0,12838,12838.0,1.0
2004-04-01,H,0,7840,8118.0,0.9657551120965755
2004-04-01,H,1,278,8118.0,0.03424488790342449
2004-04-01,W,0,2490,2490.0,1.0
2004-05-01,A,0,813,858.0,0.9475524475524476
2004-05-01,A,1,45,858.0,0.05244755244755245
2004-05-01,B,0,13163,13163.0,1.0
2004-05-01,H,0,7154,7231.0,0.989351403678606
2004-05-01,H,1,77,7231.0,0.010648596321393998
2004-05-01,W,0,2229,2359.0,0.9448919033488766
2004-05-01,W,1,130,2359.0,0.05510809665112336
2004-06-01,A,0,713,744.0,0.9583333333333334
2004-06-01,A,1,31,744.0,0.041666666666666664
2004-06-01,B,0,13724,14778.0,0.9286777642441467
2004-06-01,B,1,1054,14778.0,0.0713222357558533
2004-06-01,H,0,8382,8409.0,0.9967891544773457
2004-06-01,H,1,27,8409.0,0.003210845522654299
2004-06-01,W,0,2640,2640.0,1.0
2004-07-01,A,0,517,531.0,0.9736346516007532
2004-07-01,A,1,14,531.0,0.026365348399246705
2004-07-01,B,0,11372,11372.0,1.0
2004-07-01,H,0,5391,5391.0,1.0
2004-07-01,W,0,1973,2105.0,0.93729216152019
2004-07-01,W,1,132,2105.0,0.06270783847980997
2004-08-01,A,0,533,542.0,0.9833948339483395
2004-08-01,A,1,9,542.0,0.016605166051660517
2004-08-01,B,0,9542,10011.0,0.9531515333133553
2004-08-01,B,1,469,10011.0,0.04684846668664469
2004-08-01,H,0,5278,5304.0,0.9950980392156863
2004-08-01,H,1,26,5304.0,0.004901960784313725
2004-08-01,W,0,2125,2125.0,1.0
2004-09-01,A,0,510,521.0,0.9788867562380038
2004-09-01,A,1,11,521.0,0.02111324376199616
2004-09-01,B,0,8837,8837.0,1.0
2004-09-01,H,0,4951,5109.0,0.9690741828146409
2004-09-01,H,1,158,5109.0,0.03092581718535917
2004-09-01,W,0,1859,1933.0,0.9617175375064666
2004-09-01,W,1,74,1933.0,0.03828246249353337
2004-10-01,A,0,575,625.0,0.92
2004-10-01,A,1,50,625.0,0.08
2004-10-01,B,0,10883,11350.0,0.9588546255506608
2004-10-01,B,1,467,11350.0,0.04114537444933921
2004-10-01,H,0,6375,6705.0,0.9507829977628636
2004-10-01,H,1,330,6705.0,0.049217002237136466
2004-10-01,W,0,2388,2493.0,0.9578820697954272
2004-10-01,W,1,105,2493.0,0.0421179302045728
2004-11-01,A,0,657,657.0,1.0
2004-11-01,B,0,11191,11565.0,0.967661046260268
2004-11-01,B,1,374,11565.0,0.03233895373973195
2004-11-01,H,0,6605,6605.0,1.0
2004-11-01,W,0,2029,2241.0,0.9053993752788934
2004-11-01,W,1,212,2241.0,0.09460062472110665
2004-12-01,A,0,507,518.0,0.9787644787644788
2004-12-01,A,1,11,518.0,0.021235521235521235
2004-12-01,B,0,8818,8818.0,1.0
2004-12-01,H,0,4988,5049.0,0.9879183996831056
2004-12-01,H,1,61,5049.0,0.012081600316894434
2004-12-01,W,0,2008,2008.0,1.0
2005-01-01,A,0,1248,1248.0,1.0
2005-01-01,B,0,15809,16623.0,0.9510317030620224
2005-01-01,B,1,814,16623.0,0.0489682969379775
2005-01-01,H,0,9749,9821.0,0.9926687710009164
2005-01-01,H,1,72,9821.0,0.007331228999083597
2005-01-01,W,0,3109,3109.0,1.0
2005-02-01,A,0,1340,1340.0,1.0
2005-02-01,B,0,17902,17902.0,1.0
2005-02-01,H,0,11165,11165.0,1.0
2005-02-01,W,0,3913,3913.0,1.0
2005-03-01,A,0,1373,1405.0,0.9772241992882562
2005-03-01,A,1,32,1405.0,0.022775800711743774
2005-03-01,B,0,17290,17897.0,0.9660837011789686
2005-03-01,B,1,607,17897.0,0.033916298821031456
2005-03-01,H,0,11905,11905.0,1.0
2005-03-01,W,0,4982,4982.0,1.0
2005-04-01,A,0,1256,1295.0,0.9698841698841699
2005-04-01,A,1,39,1295.0,0.030115830115830116
2005-04-01,B,0,18002,18002.0,1.0
2005-04-01,H,0,10758,11201.0,0.9604499598250156
2005-04-01,H,1,443,11201.0,0.039550040174984376
2005-04-01,W,0,4301,4301.0,1.0
2005-05-01,A,0,1203,1230.0,0.9780487804878049
2005-05-01,A,1,27,1230.0,0.02195121951219512
2005-05-01,B,0,18604,19442.0,0.9568974385351301
2005-05-01,B,1,838,19442.0,0.04310256146486987
2005-05-01,H,0,11569,11659.0,0.9922806415644566
2005-05-01,H,1,90,11659.0,0.007719358435543357
2005-05-01,W,0,4115,4228.0,0.9732734153263954
2005-05-01,W,1,113,4228.0,0.02672658467360454
2005-06-01,A,0,1148,1148.0,1.0
2005-06-01,B,0,17665,17665.0,1.0
2005-06-01,H,0,9473,9791.0,0.9675211929322848
2005-06-01,H,1,318,9791.0,0.03247880706771525
2005-06-01,W,0,3470,3470.0,1.0
2005-07-01,A,0,671,691.0,0.9710564399421129
2005-07-01,A,1,20,691.0,0.02894356005788712
2005-07-01,B,0,13502,14034.0,0.9620920621348155
2005-07-01,B,1,532,14034.0,0.03790793786518455
2005-07-01,H,0,8299,8299.0,1.0
2005-07-01,W,0,2700,2791.0,0.9673951988534576
2005-07-01,W,1,91,2791.0,0.032604801146542454
2005-08-01,A,0,756,756.0,1.0
2005-08-01,B,0,13665,14199.0,0.9623917177266005
2005-08-01,B,1,534,14199.0,0.03760828227339953
2005-08-01,H,0,8171,8171.0,1.0
2005-08-01,W,0,2728,2859.0,0.9541797831409584
2005-08-01,W,1,131,2859.0,0.04582021685904162
2005-09-01,A,0,564,580.0,0.9724137931034482
2005-09-01,A,1,16,580.0,0.027586206896551724
2005-09-01,B,0,13675,13675.0,1.0
2005-09-01,H,0,7447,7495.0,0.9935957304869913
2005-09-01,H,1,48,7495.0,0.006404269513008673
2005-09-01,W,0,2450,2450.0,1.0
2005-10-01,A,0,730,742.0,0.9838274932614556
2005-10-01,A,1,12,742.0,0.016172506738544475
2005-10-01,B,0,17236,17236.0,1.0
2005-10-01,H,0,9057,9180.0,0.9866013071895425
2005-10-01,H,1,123,9180.0,0.013398692810457516
2005-10-01,W,0,2637,2915.0,0.904631217838765
2005-10-01,W,1,278,2915.0,0.095368782161235
2005-11-01,A,0,637,637.0,1.0
2005-11-01,B,0,14447,14915.0,0.9686221924237345
2005-11-01,B,1,468,14915.0,0.0313778075762655
2005-11-01,H,0,8097,8097.0,1.0
2005-11-01,W,0,2760,2760.0,1.0
2005-12-01,A,0,756,787.0,0.9606099110546379
2005-12-01,A,1,31,787.0,0.03939008894536213
2005-12-01,B,0,13443,14978.0,0.8975163573240753
2005-12-01,B,1,1535,14978.0,0.10248364267592469
2005-12-01,H,0,8188,8304.0,0.9860308285163777
2005-12-01,H,1,116,8304.0,0.013969171483622351
2005-12-01,W,0,2935,2935.0,1.0
2006-01-01,A,0,1262,1262.0,1.0
2006-01-01,B,0,20191,22373.0,0.9024717293165869
2006-01-01,B,1,2182,22373.0,0.09752827068341305
2006-01-01,H,0,13613,13945.0,0.9761921835783435
2006-01-01,H,1,332,13945.0,0.023807816421656507
2006-01-01,W,0,5019,5019.0,1.0
2006-02-01,A,0,1289,1289.0,1.0
2006-02-01,B,0,21601,21601.0,1.0
2006-02-01,H,0,12795,12795.0,1.0
2006-02-01,W,0,4700,4700.0,1.0
2006-03-01,A,0,1507,1507.0,1.0
2006-03-01,B,0,25248,25248.0,1.0
2006-03-01,H,0,14429,14429.0,1.0
2006-03-01,W,0,5042,5042.0,1.0
2006-04-01,A,0,1200,1200.0,1.0
2006-04-01,B,0,20987,22413.0,0.9363762102351314
2006-04-01,B,1,1426,22413.0,0.0636237897648686
2006-04-01,H,0,11407,12083.0,0.9440536290656294
2006-04-01,H,1,676,12083.0,0.055946370934370604
2006-04-01,W,0,4497,4497.0,1.0
2006-05-01,A,0,1200,1296.0,0.9259259259259259
2006-05-01,A,1,96,1296.0,0.07407407407407407
2006-05-01,B,0,22834,23744.0,0.9616745283018868
2006-05-01,B,1,910,23744.0,0.038325471698113206
2006-05-01,H,0,13219,13287.0,0.9948822156995559
2006-05-01,H,1,68,13287.0,0.005117784300444043
2006-05-01,W,0,4676,4676.0,1.0
2006-06-01,A,0,1170,1170.0,1.0
2006-06-01,B,0,20804,22354.0,0.9306611792073007
2006-06-01,B,1,1550,22354.0,0.06933882079269929
2006-06-01,H,0,11753,12181.0,0.964863311714966
2006-06-01,H,1,428,12181.0,0.03513668828503407
2006-06-01,W,0,4306,4396.0,0.9795268425841674
2006-06-01,W,1,90,4396.0,0.020473157415832575
2006-07-01,A,0,935,954.0,0.980083857442348
2006-07-01,A,1,19,954.0,0.019916142557651992
2006-07-01,B,0,20456,20456.0,1.0
2006-07-01,H,0,10891,11235.0,0.9693813974187806
2006-07-01,H,1,344,11235.0,0.030618602581219404
2006-07-01,W,0,3851,4058.0,0.948989650073928
2006-07-01,W,1,207,4058.0,0.05101034992607196
2006-08-01,A,0,983,983.0,1.0
2006-08-01,B,0,23012,23012.0,1.0
2006-08-01,H,0,13126,13126.0,1.0
2006-08-01,W,0,4097,4424.0,0.9260849909584087
2006-08-01,W,1,327,4424.0,0.07391500904159132
2006-09-01,A,0,990,990.0,1.0
2006-09-01,B,0,21881,22610.0,0.9677576293675365
2006-09-01,B,1,729,22610.0,0.03224237063246351
2006-09-01,H,0,11630,11961.0,0.9723267285344035
2006-09-01,H,1,331,11961.0,0.027673271465596522
2006-09-01,W,0,4174,4174.0,1.0
2006-10-01,A,0,1084,1084.0,1.0
2006-10-01,B,0,19485,23481.0,0.8298198543503258
2006-10-01,B,1,3996,23481.0,0.1701801456496742
2006-10-01,H,0,11583,12027.0,0.963083063108007
2006-10-01,H,1,444,12027.0,0.03691693689199302
2006-10-01,W,0,4556,4737.0,0.9617901625501373
2006-10-01,W,1,181,4737.0,0.03820983744986278
2006-11-01,A,0,957,957.0,1.0
2006-11-01,B,0,21055,21055.0,1.0
2006-11-01,H,0,10975,10975.0,1.0
2006-11-01,W,0,4034,4034.0,1.0
2006-12-01,A,0,785,785.0,1.0
2006-12-01,B,0,19103,19103.0,1.0
2006-12-01,H,0,9744,9808.0,0.9934747145187602
2006-12-01,H,1,64,9808.0,0.0065252854812398045
2006-12-01,W,0,3739,3739.0,1.0
2007-01-01,A,0,1127,1166.0,0.9665523156089194
2007-01-01,A,1,39,1166.0,0.03344768439108062
2007-01-01,B,0,24564,25260.0,0.9724465558194775
2007-01-01,B,1,696,25260.0,0.027553444180522565
2007-01-01,H,0,15401,15401.0,1.0
2007-01-01,W,0,5267,5267.0,1.0
2007-02-01,A,0,1065,1065.0,1.0
2007-02-01,B,0,20969,20969.0,1.0
2007-02-01,H,0,12284,12284.0,1.0
2007-02-01,W,0,4731,4731.0,1.0
2007-03-01,A,0,1111,1111.0,1.0
2007-03-01,B,0,21229,21229.0,1.0
2007-03-01,H,0,13187,13518.0,0.9755141293090694
2007-03-01,H,1,331,13518.0,0.02448587069093061
2007-03-01,W,0,4998,5292.0,0.9444444444444444
2007-03-01,W,1,294,5292.0,0.05555555555555555
2007-04-01,A,0,944,1074.0,0.8789571694599627
2007-04-01,A,1,130,1074.0,0.12104283054003724
2007-04-01,B,0,19969,19969.0,1.0
2007-04-01,H,0,12056,12383.0,0.9735928288783009
2007-04-01,H,1,327,12383.0,0.026407171121699102
2007-04-01,W,0,4341,4421.0,0.9819045464826962
2007-04-01,W,1,80,4421.0,0.018095453517303777
2007-05-01,A,0,1126,1126.0,1.0
2007-05-01,B,0,19228,19940.0,0.9642928786359077
2007-05-01,B,1,712,19940.0,0.03570712136409228
2007-05-01,H,0,11687,12277.0,0.951942657000896
2007-05-01,H,1,590,12277.0,0.04805734299910402
2007-05-01,W,0,4471,4471.0,1.0
2007-06-01,A,0,1006,1027.0,0.9795520934761441
2007-06-01,A,1,21,1027.0,0.02044790652385589
2007-06-01,B,0,16621,17167.0,0.9681947923341294
2007-06-01,B,1,546,17167.0,0.03180520766587057
2007-06-01,H,0,11032,11032.0,1.0
2007-06-01,W,0,4086,4086.0,1.0
2007-07-01,A,0,891,956.0,0.9320083682008368
2007-07-01,A,1,65,956.0,0.06799163179916318
2007-07-01,B,0,17928,17928.0,1.0
2007-07-01,H,0,9470,10065.0,0.9408842523596622
2007-07-01,H,1,595,10065.0,0.05911574764033781
2007-07-01,W,0,3959,3959.0,1.0
2007-08-01,A,0,929,929.0,1.0
2007-08-01,B,0,19237,19237.0,1.0
2007-08-01,H,0,10647,10647.0,1.0
2007-08-01,W,0,4102,4233.0,0.9690526813134892
2007-08-01,W,1,131,4233.0,0.03094731868651075
2007-09-01,A,0,978,978.0,1.0
2007-09-01,B,0,21660,21660.0,1.0
2007-09-01,H,0,10851,10955.0,0.9905066179826563
2007-09-01,H,1,104,10955.0,0.009493382017343678
2007-09-01,W,0,4380,4380.0,1.0
2007-10-01,A,0,1390,1456.0,0.9546703296703297
2007-10-01,A,1,66,1456.0,0.04532967032967033
2007-10-01,B,0,20978,22293.0,0.9410128739963217
2007-10-01,B,1,1315,22293.0,0.05898712600367829
2007-10-01,H,0,12220,12537.0,0.9747148440615777
2007-10-01,H,1,317,12537.0,0.02528515593842227
2007-10-01,W,0,4285,4822.0,0.8886354209871422
2007-10-01,W,1,537,4822.0,0.11136457901285773
2007-11-01,A,0,1175,1175.0,1.0
2007-11-01,B,0,18767,19517.0,0.9615719629041348
2007-11-01,B,1,750,19517.0,0.03842803709586514
2007-11-01,H,0,10864,10864.0,1.0
2007-11-01,W,0,3712,3963.0,0.9366641433257633
2007-11-01,W,1,251,3963.0,0.06333585667423669
2007-12-01,A,0,1043,1043.0,1.0
2007-12-01,B,0,15264,15933.0,0.9580116738843909
2007-12-01,B,1,669,15933.0,0.04198832611560911
2007-12-01,H,0,8705,8766.0,0.9930412959160393
2007-12-01,H,1,61,8766.0,0.006958704083960757
2007-12-01,W,0,3167,3167.0,1.0
2008-01-01,A,0,1616,1616.0,1.0
2008-01-01,B,0,25759,26664.0,0.9660591059105911
2008-01-01,B,1,905,26664.0,0.03394089408940894
2008-01-01,H,0,14794,15598.0,0.9484549301192461
2008-01-01,H,1,804,15598.0,0.05154506988075394
2008-01-01,W,0,4877,4877.0,1.0
2008-02-01,A,0,1549,1549.0,1.0
2008-02-01,B,0,21816,23974.0,0.9099858179694669
2008-02-01,B,1,2158,23974.0,0.09001418203053307
2008-02-01,H,0,14736,14791.0,0.9962815225474951
2008-02-01,H,1,55,14791.0,0.0037184774525049016
2008-02-01,W,0,4617,4812.0,0.9594763092269327
2008-02-01,W,1,195,4812.0,0.040523690773067333
2008-03-01,A,0,1560,1590.0,0.9811320754716981
2008-03-01,A,1,30,1590.0,0.018867924528301886
2008-03-01,B,0,24786,24786.0,1.0
2008-03-01,H,0,15860,16143.0,0.9824691816886576
2008-03-01,H,1,283,16143.0,0.01753081831134238
2008-03-01,W,0,5277,5702.0,0.9254647492108032
2008-03-01,W,1,425,5702.0,0.07453525078919677
2008-04-01,A,0,1386,1467.0,0.9447852760736196
2008-04-01,A,1,81,1467.0,0.05521472392638037
2008-04-01,B,0,21918,22724.0,0.9645308924485125
2008-04-01,B,1,806,22724.0,0.03546910755148741
2008-04-01,H,0,14780,14857.0,0.9948172578582486
2008-04-01,H,1,77,14857.0,0.005182742141751363
2008-04-01,W,0,5465,5564.0,0.9822070452911574
2008-04-01,W,1,99,5564.0,0.01779295470884256
2008-05-01,A,0,1436,1436.0,1.0
2008-05-01,B,0,22422,22422.0,1.0
2008-05-01,H,0,15317,15317.0,1.0
2008-05-01,W,0,5505,5505.0,1.0
2008-06-01,A,0,1081,1103.0,0.9800543970988214
2008-06-01,A,1,22,1103.0,0.019945602901178604
2008-06-01,B,0,17509,17509.0,1.0
2008-06-01,H,0,11247,11311.0,0.9943417911767306
2008-06-01,H,1,64,11311.0,0.005658208823269384
2008-06-01,W,0,3985,3985.0,1.0
2008-07-01,A,0,1150,1150.0,1.0
2008-07-01,B,0,17612,17612.0,1.0
2008-07-01,H,0,11642,11881.0,0.9798838481609292
2008-07-01,H,1,239,11881.0,0.020116151839070784
2008-07-01,W,0,4173,4298.0,0.9709167054443928
2008-07-01,W,1,125,4298.0,0.02908329455560726
2008-08-01,A,0,1203,1203.0,1.0
2008-08-01,B,0,21061,21061.0,1.0
2008-08-01,H,0,12738,12738.0,1.0
2008-08-01,W,0,4303,4303.0,1.0
2008-09-01,A,0,1252,1304.0,0.9601226993865031
2008-09-01,A,1,52,1304.0,0.03987730061349693
2008-09-01,B,0,23888,23888.0,1.0
2008-09-01,H,0,13522,13615.0,0.9931692985677562
2008-09-01,H,1,93,13615.0,0.006830701432243849
2008-09-01,W,0,4785,4785.0,1.0
2008-10-01,A,0,1421,1421.0,1.0
2008-10-01,B,0,28358,28358.0,1.0
2008-10-01,H,0,15774,15884.0,0.9930747922437673
2008-10-01,H,1,110,15884.0,0.006925207756232687
2008-10-01,W,0,5372,5372.0,1.0
2008-11-01,A,0,1393,1445.0,0.9640138408304498
2008-11-01,A,1,52,1445.0,0.035986159169550176
2008-11-01,B,0,25798,25798.0,1.0
2008-11-01,H,0,14576,14576.0,1.0
2008-11-01,W,0,4797,4797.0,1.0
2008-12-01,A,0,1099,1207.0,0.9105219552609777
2008-12-01,A,1,108,1207.0,0.08947804473902236
2008-12-01,B,0,20792,20792.0,1.0
2008-12-01,H,0,11653,11763.0,0.9906486440533877
2008-12-01,H,1,110,11763.0,0.00935135594661226
2008-12-01,W,0,3507,3650.0,0.9608219178082191
2008-12-01,W,1,143,3650.0,0.03917808219178082
2009-01-01,A,0,1818,1872.0,0.9711538461538461
2009-01-01,A,1,54,1872.0,0.028846153846153848
2009-01-01,B,0,32041,32041.0,1.0
2009-01-01,H,0,18675,19437.0,0.9607964192004939
2009-01-01,H,1,762,19437.0,0.039203580799506095
2009-01-01,W,0,5323,5323.0,1.0
2009-02-01,A,0,1532,1601.0,0.9569019362898189
2009-02-01,A,1,69,1601.0,0.043098063710181135
2009-02-01,B,0,28672,28672.0,1.0
2009-02-01,H,0,17258,18639.0,0.9259080422769462
2009-02-01,H,1,1381,18639.0,0.07409195772305381
2009-02-01,W,0,5328,5328.0,1.0
2009-03-01,A,0,1590,1689.0,0.9413854351687388
2009-03-01,A,1,99,1689.0,0.0586145648312611
2009-03-01,B,0,29638,29638.0,1.0
2009-03-01,H,0,17630,18159.0,0.9708684398920645
2009-03-01,H,1,529,18159.0,0.02913156010793546
2009-03-01,W,0,5185,5276.0,0.9827520849128127
2009-03-01,W,1,91,5276.0,0.017247915087187263
2009-04-01,A,0,1459,1459.0,1.0
2009-04-01,B,0,27001,27001.0,1.0
2009-04-01,H,0,16320,16503.0,0.9889111070714416
2009-04-01,H,1,183,16503.0,0.011088892928558443
2009-04-01,W,0,4572,4731.0,0.9663918833227647
2009-04-01,W,1,159,4731.0,0.033608116677235254
2009-05-01,A,0,1329,1373.0,0.9679533867443554
2009-05-01,A,1,44,1373.0,0.032046613255644577
2009-05-01,B,0,25956,25956.0,1.0
2009-05-01,H,0,15285,15414.0,0.9916309848189957
2009-05-01,H,1,129,15414.0,0.008369015181004281
2009-05-01,W,0,4697,4859.0,0.9666598065445565
2009-05-01,W,1,162,4859.0,0.033340193455443506
2009-06-01,A,0,1309,1309.0,1.0
2009-06-01,B,0,20606,21486.0,0.9590430978311458
2009-06-01,B,1,880,21486.0,0.040956902168854135
2009-06-01,H,0,12362,12560.0,0.984235668789809
2009-06-01,H,1,198,12560.0,0.015764331210191083
2009-06-01,W,0,4379,4379.0,1.0
2009-07-01,A,0,1135,1190.0,0.9537815126050421
2009-07-01,A,1,55,1190.0,0.046218487394957986
2009-07-01,B,0,24836,24836.0,1.0
2009-07-01,H,0,13196,13196.0,1.0
2009-07-01,W,0,4179,4322.0,0.9669134659879686
2009-07-01,W,1,143,4322.0,0.03308653401203147
2009-08-01,A,0,1084,1084.0,1.0
2009-08-01,B,0,25979,26823.0,0.9685344666890355
2009-08-01,B,1,844,26823.0,0.03146553331096447
2009-08-01,H,0,13014,13661.0,0.952638899055706
2009-08-01,H,1,647,13661.0,0.04736110094429397
2009-08-01,W,0,3949,4038.0,0.9779593858345715
2009-08-01,W,1,89,4038.0,0.02204061416542843
2009-09-01,A,0,1086,1170.0,0.9282051282051282
2009-09-01,A,1,84,1170.0,0.07179487179487179
2009-09-01,B,0,25219,25857.0,0.9753258305294504
2009-09-01,B,1,638,25857.0,0.02467416947054956
2009-09-01,H,0,14072,14309.0,0.9834369976937591
2009-09-01,H,1,237,14309.0,0.016563002306240828
2009-09-01,W,0,4079,4079.0,1.0
2009-10-01,A,0,1488,1523.0,0.9770190413657256
2009-10-01,A,1,35,1523.0,0.02298095863427446
2009-10-01,B,0,26701,26701.0,1.0
2009-10-01,H,0,15171,15228.0,0.9962568951930654
2009-10-01,H,1,57,15228.0,0.0037431048069345944
2009-10-01,W,0,4306,4306.0,1.0
2009-11-01,A,0,1375,1375.0,1.0
2009-11-01,B,0,23335,23335.0,1.0
2009-11-01,H,0,12389,12802.0,0.9677394157162943
2009-11-01,H,1,413,12802.0,0.03226058428370567
2009-11-01,W,0,3684,3684.0,1.0
2009-12-01,A,0,1154,1200.0,0.9616666666666667
2009-12-01,A,1,46,1200.0,0.03833333333333333
2009-12-01,B,0,17524,18265.0,0.9594306049822064
2009-12-01,B,1,741,18265.0,0.040569395017793594
2009-12-01,H,0,10147,10147.0,1.0
2009-12-01,W,0,3169,3276.0,0.9673382173382173
2009-12-01,W,1,107,3276.0,0.032661782661782664
2010-01-01,A,0,1523,1625.0,0.9372307692307692
2010-01-01,A,1,102,1625.0,0.06276923076923077
2010-01-01,B,0,28143,29647.0,0.9492697406145647
2010-01-01,B,1,1504,29647.0,0.05073025938543529
2010-01-01,H,0,16827,16827.0,1.0
2010-01-01,W,0,4746,4746.0,1.0
2010-02-01,A,0,1495,1495.0,1.0
2010-02-01,B,0,23758,24510.0,0.9693186454508363
2010-02-01,B,1,752,24510.0,0.030681354549163608
2010-02-01,H,0,14760,14760.0,1.0
2010-02-01,W,0,4110,4110.0,1.0
2010-03-01,A,0,1495,1495.0,1.0
2010-03-01,B,0,24082,24986.0,0.9638197390538702
2010-03-01,B,1,904,24986.0,0.03618026094612983
2010-03-01,H,0,15049,15624.0,0.9631976446492575
2010-03-01,H,1,575,15624.0,0.03680235535074245
2010-03-01,W,0,4818,4818.0,1.0
2010-04-01,A,0,2089,2089.0,1.0
2010-04-01,B,0,31054,31054.0,1.0
2010-04-01,H,0,18896,19890.0,0.9500251382604323
2010-04-01,H,1,994,19890.0,0.049974861739567625
2010-04-01,W,0,5418,5418.0,1.0
2010-05-01,A,0,2071,2071.0,1.0
2010-05-01,B,0,31360,31360.0,1.0
2010-05-01,H,0,19594,19862.0,0.9865068975933944
2010-05-01,H,1,268,19862.0,0.013493102406605579
2010-05-01,W,0,5427,5427.0,1.0
2010-06-01,A,0,1310,1409.0,0.9297374024130589
2010-06-01,A,1,99,1409.0,0.07026259758694109
2010-06-01,B,0,25088,25576.0,0.9809196121363779
2010-06-01,B,1,488,25576.0,0.019080387863622147
2010-06-01,H,0,14594,15038.0,0.9704747971804761
2010-06-01,H,1,444,15038.0,0.029525202819523873
2010-06-01,W,0,4353,4353.0,1.0
2010-07-01,A,0,1324,1376.0,0.9622093023255814
2010-07-01,A,1,52,1376.0,0.0377906976744186
2010-07-01,B,0,24748,24748.0,1.0
2010-07-01,H,0,13632,13708.0,0.9944557922381091
2010-07-01,H,1,76,13708.0,0.005544207761890867
2010-07-01,W,0,3975,4083.0,0.973548861131521
2010-07-01,W,1,108,4083.0,0.02645113886847906
2010-08-01,A,0,1334,1398.0,0.9542203147353362
2010-08-01,A,1,64,1398.0,0.045779685264663805
2010-08-01,B,0,24572,24572.0,1.0
2010-08-01,H,0,13860,13860.0,1.0
2010-08-01,W,0,4156,4276.0,0.9719363891487371
2010-08-01,W,1,120,4276.0,0.02806361085126286
2010-09-01,A,0,1561,1602.0,0.9744069912609239
2010-09-01,A,1,41,1602.0,0.025593008739076155
2010-09-01,B,0,23893,23893.0,1.0
2010-09-01,H,0,13976,13976.0,1.0
2010-09-01,W,0,4479,4479.0,1.0
2010-10-01,A,0,2005,2005.0,1.0
2010-10-01,B,0,28936,28936.0,1.0
2010-10-01,H,0,16030,17081.0,0.9384696446343891
2010-10-01,H,1,1051,17081.0,0.06153035536561091
2010-10-01,W,0,5151,5151.0,1.0
2010-11-01,A,0,1642,1738.0,0.9447640966628308
2010-11-01,A,1,96,1738.0,0.05523590333716916
2010-11-01,B,0,25845,25845.0,1.0
2010-11-01,H,0,15433,16092.0,0.9590479741486453
2010-11-01,H,1,659,16092.0,0.04095202585135471
2010-11-01,W,0,4000,4316.0,0.9267840593141798
2010-11-01,W,1,316,4316.0,0.0732159406858202
2010-12-01,A,0,1429,1429.0,1.0
2010-12-01,B,0,19956,19956.0,1.0
2010-12-01,H,0,12538,12608.0,0.9944479695431472
2010-12-01,H,1,70,12608.0,0.005552030456852792
2010-12-01,W,0,3490,3633.0,0.9606385906963941
2010-12-01,W,1,143,3633.0,0.039361409303605835
2011-01-01,A,0,2190,2190.0,1.0
2011-01-01,B,0,29516,29516.0,1.0
2011-01-01,H,0,19382,19522.0,0.9928286036266776
2011-01-01,H,1,140,19522.0,0.007171396373322405
2011-01-01,W,0,5047,5047.0,1.0
2011-02-01,A,0,2150,2150.0,1.0
2011-02-01,B,0,30637,30637.0,1.0
2011-02-01,H,0,19017,20162.0,0.9432099990080349
2011-02-01,H,1,1145,20162.0,0.05679000099196508
2011-02-01,W,0,5323,5591.0,0.9520658200679664
2011-02-01,W,1,268,5591.0,0.047934179932033624
2011-03-01,A,0,2459,2459.0,1.0
2011-03-01,B,0,31710,31710.0,1.0
2011-03-01,H,0,20955,21101.0,0.9930808966399697
2011-03-01,H,1,146,21101.0,0.0069191033600303304
2011-03-01,W,0,6195,6195.0,1.0
2011-04-01,A,0,2105,2191.0,0.9607485166590598
2011-04-01,A,1,86,2191.0,0.03925148334094021
2011-04-01,B,0,31249,31249.0,1.0
2011-04-01,H,0,19995,19995.0,1.0
2011-04-01,W,0,5737,6199.0,0.9254718502984353
2011-04-01,W,1,462,6199.0,0.07452814970156477
2011-05-01,A,0,2336,2336.0,1.0
2011-05-01,B,0,30611,30611.0,1.0
2011-05-01,H,0,18551,19172.0,0.9676090131441686
2011-05-01,H,1,621,19172.0,0.03239098685583142
2011-05-01,W,0,5493,5580.0,0.9844086021505376
2011-05-01,W,1,87,5580.0,0.015591397849462365
2011-06-01,A,0,1802,1802.0,1.0
2011-06-01,B,0,28701,28701.0,1.0
2011-06-01,H,0,18005,19054.0,0.9449459431090584
2011-06-01,H,1,1049,19054.0,0.05505405689094153
2011-06-01,W,0,4818,4998.0,0.963985594237695
2011-06-01,W,1,180,4998.0,0.03601440576230492
2011-07-01,A,0,1680,1756.0,0.9567198177676538
2011-07-01,A,1,76,1756.0,0.04328018223234624
2011-07-01,B,0,27717,27717.0,1.0
2011-07-01,H,0,16250,17046.0,0.9533028276428488
2011-07-01,H,1,796,17046.0,0.04669717235715124
2011-07-01,W,0,4689,4689.0,1.0
2011-08-01,A,0,1522,1522.0,1.0
2011-08-01,B,0,26209,26209.0,1.0
2011-08-01,H,0,15282,15830.0,0.9653821857233101
2011-08-01,H,1,548,15830.0,0.03461781427668983
2011-08-01,W,0,4057,4126.0,0.9832767813863306
2011-08-01,W,1,69,4126.0,0.016723218613669412
2011-09-01,A,0,1702,1702.0,1.0
2011-09-01,B,0,26922,26922.0,1.0
2011-09-01,H,0,15655,16261.0,0.9627329192546584
2011-09-01,H,1,606,16261.0,0.037267080745341616
2011-09-01,W,0,4354,4354.0,1.0
2011-10-01,A,0,1903,1903.0,1.0
2011-10-01,B,0,28342,30021.0,0.9440724825955165
2011-10-01,B,1,1679,30021.0,0.055927517404483526
2011-10-01,H,0,19388,19946.0,0.9720244660583576
2011-10-01,H,1,558,19946.0,0.027975533941642435
2011-10-01,W,0,4860,5030.0,0.9662027833001988
2011-10-01,W,1,170,5030.0,0.033797216699801194
2011-11-01,A,0,1925,1925.0,1.0
2011-11-01,B,0,28856,30208.0,0.9552436440677966
2011-11-01,B,1,1352,30208.0,0.04475635593220339
2011-11-01,H,0,17276,18938.0,0.9122399408596473
2011-11-01,H,1,1662,18938.0,0.08776005914035273
2011-11-01,W,0,4797,5092.0,0.9420659858601729
2011-11-01,W,1,295,5092.0,0.05793401413982718
2011-12-01,A,0,1912,1996.0,0.9579158316633266
2011-12-01,A,1,84,1996.0,0.04208416833667335
2011-12-01,B,0,27242,27242.0,1.0
2011-12-01,H,0,16713,16713.0,1.0
2011-12-01,W,0,4505,4904.0,0.9186378466557912
2011-12-01,W,1,399,4904.0,0.0813621533442088
2012-01-01,A,0,2046,2101.0,0.9738219895287958
2012-01-01,A,1,55,2101.0,0.02617801047120419
2012-01-01,B,0,34013,36346.0,0.9358113685137291
2012-01-01,B,1,2333,36346.0,0.06418863148627084
2012-01-01,H,0,21091,22263.0,0.9473566006378296
2012-01-01,H,1,1172,22263.0,0.05264339936217042
2012-01-01,W,0,5996,5996.0,1.0
2012-02-01,A,0,1870,2083.0,0.8977436389822372
2012-02-01,A,1,213,2083.0,0.10225636101776284
2012-02-01,B,0,34741,34741.0,1.0
2012-02-01,H,0,20579,21232.0,0.9692445365486059
2012-02-01,H,1,653,21232.0,0.030755463451394124
2012-02-01,W,0,5846,5846.0,1.0
2012-03-01,A,0,2088,2088.0,1.0
2012-03-01,B,0,36086,36086.0,1.0
2012-03-01,H,0,21745,22112.0,0.9834026772793053
2012-03-01,H,1,367,22112.0,0.016597322720694644
2012-03-01,W,0,6305,6447.0,0.9779742515898868
2012-03-01,W,1,142,6447.0,0.02202574841011323
2012-04-01,A,0,1789,1789.0,1.0
2012-04-01,B,0,29643,29643.0,1.0
2012-04-01,H,0,16984,17268.0,0.9835533935603429
2012-04-01,H,1,284,17268.0,0.01644660643965717
2012-04-01,W,0,5210,5210.0,1.0
2012-05-01,A,0,1421,1474.0,0.9640434192672999
2012-05-01,A,1,53,1474.0,0.03595658073270014
2012-05-01,B,0,24170,24170.0,1.0
2012-05-01,H,0,14520,14520.0,1.0
2012-05-01,W,0,4671,4671.0,1.0
2012-06-01,A,0,1126,1126.0,1.0
2012-06-01,B,0,15661,16872.0,0.9282242769084874
2012-06-01,B,1,1211,16872.0,0.07177572309151256
2012-06-01,H,0,9615,9710.0,0.990216271884655
2012-06-01,H,1,95,9710.0,0.009783728115345005
2012-06-01,W,0,3498,3498.0,1.0
2012-07-01,A,0,1112,1112.0,1.0
2012-07-01,B,0,16834,17763.0,0.9477002758543039
2012-07-01,B,1,929,17763.0,0.05229972414569611
2012-07-01,H,0,9365,9612.0,0.9743029546400332
2012-07-01,H,1,247,9612.0,0.025697045359966707
2012-07-01,W,0,3497,3497.0,1.0
2012-08-01,A,0,1223,1253.0,0.9760574620909817
2012-08-01,A,1,30,1253.0,0.023942537909018357
2012-08-01,B,0,17710,19672.0,0.9002643350955674
2012-08-01,B,1,1962,19672.0,0.0997356649044327
2012-08-01,H,0,10686,10686.0,1.0
2012-08-01,W,0,3388,3519.0,0.9627735152031828
2012-08-01,W,1,131,3519.0,0.037226484796817276
2012-09-01,A,0,1076,1098.0,0.9799635701275046
2012-09-01,A,1,22,1098.0,0.020036429872495445
2012-09-01,B,0,19932,19932.0,1.0
2012-09-01,H,0,10632,10931.0,0.9726466014088373
2012-09-01,H,1,299,10931.0,0.027353398591162748
2012-09-01,W,0,3390,3497.0,0.9694023448670289
2012-09-01,W,1,107,3497.0,0.030597655132971118
2012-10-01,A,0,1163,1202.0,0.9675540765391015
2012-10-01,A,1,39,1202.0,0.0324459234608985
2012-10-01,B,0,19796,19796.0,1.0
2012-10-01,H,0,10719,10839.0,0.9889288679767506
2012-10-01,H,1,120,10839.0,0.011071132023249377
2012-10-01,W,0,3078,3380.0,0.9106508875739645
2012-10-01,W,1,302,3380.0,0.0893491124260355
2012-11-01,A,0,746,836.0,0.8923444976076556
2012-11-01,A,1,90,836.0,0.1076555023923445
2012-11-01,B,0,13752,13752.0,1.0
2012-11-01,H,0,7678,7740.0,0.9919896640826873
2012-11-01,H,1,62,7740.0,0.008010335917312662
2012-11-01,W,0,2263,2263.0,1.0
2012-12-01,A,0,850,896.0,0.9486607142857143
2012-12-01,A,1,46,896.0,0.05133928571428571
2012-12-01,B,0,15456,15456.0,1.0
2012-12-01,H,0,8006,8227.0,0.9731372310684332
2012-12-01,H,1,221,8227.0,0.02686276893156679
2012-12-01,W,0,2542,2542.0,1.0
2013-01-01,A,0,1157,1157.0,1.0
2013-01-01,B,0,19588,20924.0,0.9361498757407761
2013-01-01,B,1,1336,20924.0,0.06385012425922386
2013-01-01,H,0,10759,10849.0,0.9917043045441977
2013-01-01,H,1,90,10849.0,0.008295695455802377
2013-01-01,W,0,3337,3337.0,1.0
2013-02-01,A,0,1044,1158.0,0.9015544041450777
2013-02-01,A,1,114,1158.0,0.09844559585492228
2013-02-01,B,0,18372,18925.0,0.970779392338177
2013-02-01,B,1,553,18925.0,0.029220607661822984
2013-02-01,H,0,10217,10470.0,0.9758357211079274
2013-02-01,H,1,253,10470.0,0.024164278892072587
2013-02-01,W,0,3232,3377.0,0.9570624814924489
2013-02-01,W,1,145,3377.0,0.04293751850755108
2013-03-01,A,0,950,1024.0,0.927734375
2013-03-01,A,1,74,1024.0,0.072265625
2013-03-01,B,0,15001,15001.0,1.0
2013-03-01,H,0,7755,7910.0,0.9804045512010113
2013-03-01,H,1,155,7910.0,0.019595448798988623
2013-03-01,W,0,3057,3057.0,1.0
2013-04-01,A,0,778,778.0,1.0
2013-04-01,B,0,10413,11140.0,0.9347396768402154
2013-04-01,B,1,727,11140.0,0.06526032315978456
2013-04-01,H,0,5967,5997.0,0.9949974987493747
2013-04-01,H,1,30,5997.0,0.0050025012506253125
2013-04-01,W,0,2436,2536.0,0.9605678233438486
2013-04-01,W,1,100,2536.0,0.03943217665615142
2013-05-01,A,0,760,760.0,1.0
2013-05-01,B,0,11491,11491.0,1.0
2013-05-01,H,0,5879,6078.0,0.9672589667653834
2013-05-01,H,1,199,6078.0,0.03274103323461665
2013-05-01,W,0,2384,2384.0,1.0
2013-06-01,A,0,604,604.0,1.0
2013-06-01,B,0,8890,8890.0,1.0
2013-06-01,H,0,4517,4560.0,0.9905701754385965
2013-06-01,H,1,43,4560.0,0.009429824561403509
2013-06-01,W,0,1806,1880.0,0.9606382978723405
2013-06-01,W,1,74,1880.0,0.039361702127659576
2013-07-01,A,0,394,414.0,0.9516908212560387
2013-07-01,A,1,20,414.0,0.04830917874396135
2013-07-01,B,0,5583,5915.0,0.9438715131022823
2013-07-01,B,1,332,5915.0,0.05612848689771767
2013-07-01,H,0,2804,3030.0,0.9254125412541254
2013-07-01,H,1,226,3030.0,0.0745874587458746
2013-07-01,W,0,1373,1402.0,0.9793152639087018
2013-07-01,W,1,29,1402.0,0.020684736091298145
2013-08-01,A,0,193,228.0,0.8464912280701754
2013-08-01,A,1,35,228.0,0.15350877192982457
2013-08-01,B,0,3276,3276.0,1.0
2013-08-01,H,0,1700,1712.0,0.9929906542056075
2013-08-01,H,1,12,1712.0,0.007009345794392523
2013-08-01,W,0,916,916.0,1.0
2013-09-01,A,0,123,130.0,0.9461538461538461
2013-09-01,A,1,7,130.0,0.05384615384615385
2013-09-01,B,0,1851,2021.0,0.9158832261256804
2013-09-01,B,1,170,2021.0,0.08411677387431965
2013-09-01,H,0,973,1046.0,0.9302103250478011
2013-09-01,H,1,73,1046.0,0.06978967495219886
2013-09-01,W,0,517,517.0,1.0
2013-10-01,A,0,176,181.0,0.9723756906077348
2013-10-01,A,1,5,181.0,0.027624309392265192
2013-10-01,B,0,2212,2365.0,0.9353065539112051
2013-10-01,B,1,153,2365.0,0.06469344608879493
2013-10-01,H,0,1072,1155.0,0.9281385281385282
2013-10-01,H,1,83,1155.0,0.07186147186147186
2013-10-01,W,0,467,524.0,0.8912213740458015
2013-10-01,W,1,57,524.0,0.10877862595419847
2013-11-01,A,0,241,241.0,1.0
2013-11-01,B,0,2244,2338.0,0.9597946963216424
2013-11-01,B,1,94,2338.0,0.04020530367835757
2013-11-01,H,0,1063,1113.0,0.9550763701707098
2013-11-01,H,1,50,1113.0,0.044923629829290206
2013-11-01,W,0,438,473.0,0.9260042283298098
2013-11-01,W,1,35,473.0,0.07399577167019028
2013-12-01,A,0,170,170.0,1.0
2013-12-01,B,0,2117,2163.0,0.9787332408691632
2013-12-01,B,1,46,2163.0,0.0212667591308368
2013-12-01,H,0,945,1010.0,0.9356435643564357
2013-12-01,H,1,65,1010.0,0.06435643564356436
2013-12-01,W,0,417,417.0,1.0
2014-01-01,A,0,199,211.0,0.943127962085308
2014-01-01,A,1,12,211.0,0.05687203791469194
2014-01-01,B,0,2588,2710.0,0.9549815498154982
2014-01-01,B,1,122,2710.0,0.045018450184501846
2014-01-01,H,0,1267,1339.0,0.9462285287528006
2014-01-01,H,1,72,1339.0,0.0537714712471994
2014-01-01,W,0,546,546.0,1.0
2014-02-01,A,0,229,229.0,1.0
2014-02-01,B,0,2081,2206.0,0.943336355394379
2014-02-01,B,1,125,2206.0,0.05666364460562103
2014-02-01,H,0,1199,1267.0,0.9463299131807419
2014-02-01,H,1,68,1267.0,0.05367008681925809
2014-02-01,W,0,461,514.0,0.896887159533074
2014-02-01,W,1,53,514.0,0.10311284046692606
2014-03-01,A,0,216,238.0,0.907563025210084
2014-03-01,A,1,22,238.0,0.09243697478991597
2014-03-01,B,0,2472,2472.0,1.0
2014-03-01,H,0,1263,1338.0,0.9439461883408071
2014-03-01,H,1,75,1338.0,0.05605381165919283
2014-03-01,W,0,551,612.0,0.9003267973856209
2014-03-01,W,1,61,612.0,0.09967320261437909
2014-04-01,A,0,213,241.0,0.8838174273858921
2014-04-01,A,1,28,241.0,0.11618257261410789
2014-04-01,B,0,2257,2376.0,0.9499158249158249
2014-04-01,B,1,119,2376.0,0.050084175084175085
2014-04-01,H,0,1226,1262.0,0.971473851030111
2014-04-01,H,1,36,1262.0,0.028526148969889066
2014-04-01,W,0,558,587.0,0.9505962521294719
2014-04-01,W,1,29,587.0,0.049403747870528106
2014-05-01,A,0,210,229.0,0.9170305676855895
2014-05-01,A,1,19,229.0,0.08296943231441048
2014-05-01,B,0,2412,2583.0,0.9337979094076655
2014-05-01,B,1,171,2583.0,0.06620209059233449
2014-05-01,H,0,1240,1286.0,0.9642301710730948
2014-05-01,H,1,46,1286.0,0.03576982892690513
2014-05-01,W,0,596,596.0,1.0
2014-06-01,A,0,203,203.0,1.0
2014-06-01,B,0,1931,1931.0,1.0
2014-06-01,H,0,1003,1055.0,0.9507109004739337
2014-06-01,H,1,52,1055.0,0.04928909952606635
2014-06-01,W,0,451,458.0,0.9847161572052402
2014-06-01,W,1,7,458.0,0.015283842794759825
2014-07-01,A,0,177,184.0,0.9619565217391305
2014-07-01,A,1,7,184.0,0.03804347826086957
2014-07-01,B,0,2028,2066.0,0.9816069699903195
2014-07-01,B,1,38,2066.0,0.018393030009680542
2014-07-01,H,0,874,966.0,0.9047619047619048
2014-07-01,H,1,92,966.0,0.09523809523809523
2014-07-01,W,0,363,436.0,0.8325688073394495
2014-07-01,W,1,73,436.0,0.16743119266055045
2014-08-01,A,0,171,171.0,1.0
2014-08-01,B,0,2133,2133.0,1.0
2014-08-01,H,0,938,956.0,0.9811715481171548
2014-08-01,H,1,18,956.0,0.01882845188284519
2014-08-01,W,0,402,402.0,1.0
2014-09-01,A,0,162,174.0,0.9310344827586207
2014-09-01,A,1,12,174.0,0.06896551724137931
2014-09-01,B,0,1845,1845.0,1.0
2014-09-01,H,0,752,872.0,0.8623853211009175
2014-09-01,H,1,120,872.0,0.13761467889908258
2014-09-01,W,0,376,376.0,1.0
2014-10-01,A,0,174,174.0,1.0
2014-10-01,B,0,1863,1898.0,0.9815595363540569
2014-10-01,B,1,35,1898.0,0.0184404636459431
2014-10-01,H,0,940,960.0,0.9791666666666666
2014-10-01,H,1,20,960.0,0.020833333333333332
2014-10-01,W,0,389,456.0,0.8530701754385965
2014-10-01,W,1,67,456.0,0.14692982456140352
2014-11-01,A,0,136,140.0,0.9714285714285714
2014-11-01,A,1,4,140.0,0.02857142857142857
2014-11-01,B,0,1385,1421.0,0.9746657283603096
2014-11-01,B,1,36,1421.0,0.025334271639690358
2014-11-01,H,0,739,772.0,0.9572538860103627
2014-11-01,H,1,33,772.0,0.042746113989637305
2014-11-01,W,0,318,318.0,1.0
2014-12-01,A,0,87,87.0,1.0
2014-12-01,B,0,678,678.0,1.0
2014-12-01,H,0,407,416.0,0.9783653846153846
2014-12-01,H,1,9,416.0,0.021634615384615384
2014-12-01,W,0,165,166.0,0.9939759036144579
2014-12-01,W,1,1,166.0,0.006024096385542169
