months,race,searched,stops,month_tot,race_prop
2003-01-01,A,0,373,431.0,0.8654292343387471
2003-01-01,A,1,58,431.0,0.1345707656612529
2003-01-01,B,0,6413,6413.0,1.0
2003-01-01,H,0,3177,4077.0,0.7792494481236203
2003-01-01,H,1,900,4077.0,0.22075055187637968
2003-01-01,W,0,1273,1642.0,0.7752740560292326
2003-01-01,W,1,369,1642.0,0.22472594397076737
2003-02-01,A,0,236,282.0,0.8368794326241135
2003-02-01,A,1,46,282.0,0.16312056737588654
2003-02-01,B,0,4428,5110.0,0.8665362035225049
2003-02-01,B,1,682,5110.0,0.1334637964774951
2003-02-01,H,0,3018,3283.0,0.9192811452939385
2003-02-01,H,1,265,3283.0,0.08071885470606154
2003-02-01,W,0,1167,1342.0,0.8695976154992549
2003-02-01,W,1,175,1342.0,0.13040238450074515
2003-03-01,A,0,266,293.0,0.9078498293515358
2003-03-01,A,1,27,293.0,0.09215017064846416
2003-03-01,B,0,4230,5464.0,0.7741581259150805
2003-03-01,B,1,1234,5464.0,0.22584187408491949
2003-03-01,H,0,3193,3585.0,0.8906555090655509
2003-03-01,H,1,392,3585.0,0.10934449093444909
2003-03-01,W,0,1393,1468.0,0.9489100817438693
2003-03-01,W,1,75,1468.0,0.05108991825613079
2003-04-01,A,0,255,266.0,0.9586466165413534
2003-04-01,A,1,11,266.0,0.041353383458646614
2003-04-01,B,0,5007,5732.0,0.8735170969993021
2003-04-01,B,1,725,5732.0,0.12648290300069784
2003-04-01,H,0,3212,3368.0,0.9536817102137767
2003-04-01,H,1,156,3368.0,0.04631828978622328
2003-04-01,W,0,1225,1339.0,0.9148618371919343
2003-04-01,W,1,114,1339.0,0.08513816280806571
2003-05-01,A,0,297,365.0,0.8136986301369863
2003-05-01,A,1,68,365.0,0.1863013698630137
2003-05-01,B,0,5443,6141.0,0.8863377300113988
2003-05-01,B,1,698,6141.0,0.11366226998860121
2003-05-01,H,0,3086,3296.0,0.9362864077669902
2003-05-01,H,1,210,3296.0,0.06371359223300971
2003-05-01,W,0,1571,1605.0,0.9788161993769471
2003-05-01,W,1,34,1605.0,0.02118380062305296
2003-06-01,A,0,250,257.0,0.9727626459143969
2003-06-01,A,1,7,257.0,0.027237354085603113
2003-06-01,B,0,4914,5402.0,0.9096630877452795
2003-06-01,B,1,488,5402.0,0.09033691225472047
2003-06-01,H,0,2507,2910.0,0.861512027491409
2003-06-01,H,1,403,2910.0,0.13848797250859107
2003-06-01,W,0,1262,1324.0,0.9531722054380665
2003-06-01,W,1,62,1324.0,0.04682779456193353
2003-07-01,A,0,295,320.0,0.921875
2003-07-01,A,1,25,320.0,0.078125
2003-07-01,B,0,5277,6365.0,0.8290652003142184
2003-07-01,B,1,1088,6365.0,0.17093479968578162
2003-07-01,H,0,3259,3293.0,0.9896750683267537
2003-07-01,H,1,34,3293.0,0.01032493167324628
2003-07-01,W,0,1253,1402.0,0.8937232524964337
2003-07-01,W,1,149,1402.0,0.10627674750356633
2003-08-01,A,0,423,451.0,0.9379157427937915
2003-08-01,A,1,28,451.0,0.06208425720620843
2003-08-01,B,0,7176,7491.0,0.9579495394473369
2003-08-01,B,1,315,7491.0,0.0420504605526632
2003-08-01,H,0,4106,4306.0,0.9535531816070599
2003-08-01,H,1,200,4306.0,0.046446818392940084
2003-08-01,W,0,1596,1646.0,0.9696233292831106
2003-08-01,W,1,50,1646.0,0.030376670716889428
2003-09-01,A,0,280,298.0,0.9395973154362416
2003-09-01,A,1,18,298.0,0.06040268456375839
2003-09-01,B,0,6538,7558.0,0.8650436623445356
2003-09-01,B,1,1020,7558.0,0.13495633765546441
2003-09-01,H,0,3108,3978.0,0.7812971342383107
2003-09-01,H,1,870,3978.0,0.2187028657616893
2003-09-01,W,0,1508,1575.0,0.9574603174603175
2003-09-01,W,1,67,1575.0,0.04253968253968254
2003-10-01,A,0,453,466.0,0.9721030042918455
2003-10-01,A,1,13,466.0,0.027896995708154508
2003-10-01,B,0,7022,8045.0,0.8728402734617775
2003-10-01,B,1,1023,8045.0,0.1271597265382225
2003-10-01,H,0,4813,4845.0,0.9933952528379772
2003-10-01,H,1,32,4845.0,0.006604747162022704
2003-10-01,W,0,1326,1584.0,0.8371212121212122
2003-10-01,W,1,258,1584.0,0.16287878787878787
2003-11-01,A,0,410,438.0,0.9360730593607306
2003-11-01,A,1,28,438.0,0.0639269406392694
2003-11-01,B,0,7565,8061.0,0.9384691725592358
2003-11-01,B,1,496,8061.0,0.06153082744076417
2003-11-01,H,0,4160,4414.0,0.9424558223833258
2003-11-01,H,1,254,4414.0,0.05754417761667422
2003-11-01,W,0,1613,1613.0,1.0
2003-12-01,A,0,271,271.0,1.0
2003-12-01,B,0,5599,5922.0,0.9454576156703817
2003-12-01,B,1,323,5922.0,0.054542384329618374
2003-12-01,H,0,2779,3226.0,0.861438313701178
2003-12-01,H,1,447,3226.0,0.13856168629882207
2003-12-01,W,0,975,1083.0,0.9002770083102493
2003-12-01,W,1,108,1083.0,0.0997229916897507
2004-01-01,A,0,690,740.0,0.9324324324324325
2004-01-01,A,1,50,740.0,0.06756756756756757
2004-01-01,B,0,13563,16245.0,0.8349030470914127
2004-01-01,B,1,2682,16245.0,0.16509695290858725
2004-01-01,H,0,8276,8775.0,0.9431339031339031
2004-01-01,H,1,499,8775.0,0.056866096866096866
2004-01-01,W,0,2166,2383.0,0.9089383130507763
2004-01-01,W,1,217,2383.0,0.09106168694922366
2004-02-01,A,0,1055,1055.0,1.0
2004-02-01,B,0,19870,20270.0,0.9802664035520473
2004-02-01,B,1,400,20270.0,0.01973359644795264
2004-02-01,H,0,12178,12717.0,0.9576157898875521
2004-02-01,H,1,539,12717.0,0.042384210112447904
2004-02-01,W,0,3433,3433.0,1.0
2004-03-01,A,0,774,913.0,0.8477546549835706
2004-03-01,A,1,139,913.0,0.15224534501642936
2004-03-01,B,0,14271,14925.0,0.9561809045226131
2004-03-01,B,1,654,14925.0,0.04381909547738694
2004-03-01,H,0,9813,10025.0,0.9788528678304239
2004-03-01,H,1,212,10025.0,0.02114713216957606
2004-03-01,W,0,2656,2703.0,0.9826119126896041
2004-03-01,W,1,47,2703.0,0.017388087310395855
2004-04-01,A,0,774,822.0,0.9416058394160584
2004-04-01,A,1,48,822.0,0.058394160583941604
2004-04-01,B,0,12532,12838.0,0.9761645116061692
2004-04-01,B,1,306,12838.0,0.023835488393830814
2004-04-01,H,0,7601,8118.0,0.9363143631436315
2004-04-01,H,1,517,8118.0,0.06368563685636856
2004-04-01,W,0,2359,2490.0,0.9473895582329317
2004-04-01,W,1,131,2490.0,0.05261044176706827
2004-05-01,A,0,762,858.0,0.8881118881118881
2004-05-01,A,1,96,858.0,0.11188811188811189
2004-05-01,B,0,13163,13163.0,1.0
2004-05-01,H,0,6973,7231.0,0.9643202876503941
2004-05-01,H,1,258,7231.0,0.03567971234960586
2004-05-01,W,0,2122,2359.0,0.8995337007206443
2004-05-01,W,1,237,2359.0,0.10046629927935566
2004-06-01,A,0,744,744.0,1.0
2004-06-01,B,0,13929,14778.0,0.9425497360941941
2004-06-01,B,1,849,14778.0,0.057450263905805925
2004-06-01,H,0,8200,8409.0,0.9751456772505649
2004-06-01,H,1,209,8409.0,0.02485432274943513
2004-06-01,W,0,2544,2640.0,0.9636363636363636
2004-06-01,W,1,96,2640.0,0.03636363636363636
2004-07-01,A,0,482,531.0,0.9077212806026366
2004-07-01,A,1,49,531.0,0.09227871939736347
2004-07-01,B,0,10319,11372.0,0.9074041505451987
2004-07-01,B,1,1053,11372.0,0.09259584945480126
2004-07-01,H,0,5287,5391.0,0.9807085883880542
2004-07-01,H,1,104,5391.0,0.019291411611945836
2004-07-01,W,0,2105,2105.0,1.0
2004-08-01,A,0,511,542.0,0.9428044280442804
2004-08-01,A,1,31,542.0,0.05719557195571956
2004-08-01,B,0,9697,10011.0,0.9686345020477475
2004-08-01,B,1,314,10011.0,0.03136549795225252
2004-08-01,H,0,4908,5304.0,0.9253393665158371
2004-08-01,H,1,396,5304.0,0.0746606334841629
2004-08-01,W,0,1904,2125.0,0.896
2004-08-01,W,1,221,2125.0,0.104
2004-09-01,A,0,521,521.0,1.0
2004-09-01,B,0,8170,8837.0,0.9245218965712346
2004-09-01,B,1,667,8837.0,0.07547810342876542
2004-09-01,H,0,4619,5109.0,0.9040908201213544
2004-09-01,H,1,490,5109.0,0.09590917987864553
2004-09-01,W,0,1859,1933.0,0.9617175375064666
2004-09-01,W,1,74,1933.0,0.03828246249353337
2004-10-01,A,0,550,625.0,0.88
2004-10-01,A,1,75,625.0,0.12
2004-10-01,B,0,10535,11350.0,0.9281938325991189
2004-10-01,B,1,815,11350.0,0.07180616740088105
2004-10-01,H,0,6100,6705.0,0.9097688292319165
2004-10-01,H,1,605,6705.0,0.09023117076808351
2004-10-01,W,0,2287,2493.0,0.9173686321700762
2004-10-01,W,1,206,2493.0,0.08263136782992378
2004-11-01,A,0,587,657.0,0.893455098934551
2004-11-01,A,1,70,657.0,0.106544901065449
2004-11-01,B,0,11191,11565.0,0.967661046260268
2004-11-01,B,1,374,11565.0,0.03233895373973195
2004-11-01,H,0,6321,6605.0,0.957002271006813
2004-11-01,H,1,284,6605.0,0.04299772899318698
2004-11-01,W,0,2153,2241.0,0.9607318161535029
2004-11-01,W,1,88,2241.0,0.0392681838464971
2004-12-01,A,0,503,518.0,0.971042471042471
2004-12-01,A,1,15,518.0,0.02895752895752896
2004-12-01,B,0,8590,8818.0,0.9741437967793151
2004-12-01,B,1,228,8818.0,0.02585620322068496
2004-12-01,H,0,4383,5049.0,0.8680926916221033
2004-12-01,H,1,666,5049.0,0.1319073083778966
2004-12-01,W,0,2008,2008.0,1.0
2005-01-01,A,0,1152,1248.0,0.9230769230769231
2005-01-01,A,1,96,1248.0,0.07692307692307693
2005-01-01,B,0,14531,16623.0,0.8741502737171389
2005-01-01,B,1,2092,16623.0,0.1258497262828611
2005-01-01,H,0,8689,9821.0,0.884736788514408
2005-01-01,H,1,1132,9821.0,0.1152632114855921
2005-01-01,W,0,2839,3109.0,0.9131553554197491
2005-01-01,W,1,270,3109.0,0.08684464458025089
2005-02-01,A,0,1340,1340.0,1.0
2005-02-01,B,0,17211,17902.0,0.9614009607865043
2005-02-01,B,1,691,17902.0,0.0385990392134957
2005-02-01,H,0,9537,11165.0,0.8541871921182266
2005-02-01,H,1,1628,11165.0,0.1458128078817734
2005-02-01,W,0,3558,3913.0,0.909276769741886
2005-02-01,W,1,355,3913.0,0.09072323025811398
2005-03-01,A,0,1330,1405.0,0.9466192170818505
2005-03-01,A,1,75,1405.0,0.05338078291814947
2005-03-01,B,0,17445,17897.0,0.9747443705648992
2005-03-01,B,1,452,17897.0,0.025255629435100856
2005-03-01,H,0,10687,11905.0,0.897690046199076
2005-03-01,H,1,1218,11905.0,0.10230995380092398
2005-03-01,W,0,4621,4982.0,0.9275391409072662
2005-03-01,W,1,361,4982.0,0.07246085909273384
2005-04-01,A,0,1226,1295.0,0.9467181467181467
2005-04-01,A,1,69,1295.0,0.05328185328185328
2005-04-01,B,0,16459,18002.0,0.9142873014109544
2005-04-01,B,1,1543,18002.0,0.08571269858904566
2005-04-01,H,0,10592,11201.0,0.9456298544772788
2005-04-01,H,1,609,11201.0,0.05437014552272119
2005-04-01,W,0,4144,4301.0,0.9634968611950709
2005-04-01,W,1,157,4301.0,0.036503138804929086
2005-05-01,A,0,1036,1230.0,0.8422764227642277
2005-05-01,A,1,194,1230.0,0.15772357723577235
2005-05-01,B,0,18854,19442.0,0.9697561979220245
2005-05-01,B,1,588,19442.0,0.03024380207797552
2005-05-01,H,0,10453,11659.0,0.896560596963719
2005-05-01,H,1,1206,11659.0,0.10343940303628099
2005-05-01,W,0,3745,4228.0,0.8857615894039735
2005-05-01,W,1,483,4228.0,0.11423841059602649
2005-06-01,A,0,1148,1148.0,1.0
2005-06-01,B,0,16734,17665.0,0.9472969148032834
2005-06-01,B,1,931,17665.0,0.052703085196716674
2005-06-01,H,0,8655,9791.0,0.8839750791543254
2005-06-01,H,1,1136,9791.0,0.1160249208456746
2005-06-01,W,0,3275,3470.0,0.9438040345821326
2005-06-01,W,1,195,3470.0,0.056195965417867436
2005-07-01,A,0,656,691.0,0.9493487698986975
2005-07-01,A,1,35,691.0,0.05065123010130246
2005-07-01,B,0,12973,14034.0,0.9243978908365398
2005-07-01,B,1,1061,14034.0,0.07560210916346016
2005-07-01,H,0,7358,8299.0,0.8866128449210748
2005-07-01,H,1,941,8299.0,0.11338715507892518
2005-07-01,W,0,2419,2791.0,0.8667144392690792
2005-07-01,W,1,372,2791.0,0.13328556073092082
2005-08-01,A,0,730,756.0,0.9656084656084656
2005-08-01,A,1,26,756.0,0.03439153439153439
2005-08-01,B,0,12135,14199.0,0.8546376505387704
2005-08-01,B,1,2064,14199.0,0.14536234946122967
2005-08-01,H,0,7710,8171.0,0.9435809570432016
2005-08-01,H,1,461,8171.0,0.056419042956798435
2005-08-01,W,0,2408,2859.0,0.8422525358516963
2005-08-01,W,1,451,2859.0,0.1577474641483036
2005-09-01,A,0,486,580.0,0.8379310344827586
2005-09-01,A,1,94,580.0,0.16206896551724137
2005-09-01,B,0,11715,13675.0,0.856672760511883
2005-09-01,B,1,1960,13675.0,0.14332723948811701
2005-09-01,H,0,6904,7495.0,0.9211474316210807
2005-09-01,H,1,591,7495.0,0.07885256837891928
2005-09-01,W,0,2351,2450.0,0.9595918367346938
2005-09-01,W,1,99,2450.0,0.04040816326530612
2005-10-01,A,0,704,742.0,0.9487870619946092
2005-10-01,A,1,38,742.0,0.05121293800539083
2005-10-01,B,0,17236,17236.0,1.0
2005-10-01,H,0,8380,9180.0,0.9128540305010894
2005-10-01,H,1,800,9180.0,0.08714596949891068
2005-10-01,W,0,2655,2915.0,0.9108061749571184
2005-10-01,W,1,260,2915.0,0.08919382504288165
2005-11-01,A,0,593,637.0,0.9309262166405023
2005-11-01,A,1,44,637.0,0.06907378335949764
2005-11-01,B,0,12818,14915.0,0.8594032852832719
2005-11-01,B,1,2097,14915.0,0.14059671471672813
2005-11-01,H,0,7151,8097.0,0.8831666049154008
2005-11-01,H,1,946,8097.0,0.11683339508459924
2005-11-01,W,0,2643,2760.0,0.9576086956521739
2005-11-01,W,1,117,2760.0,0.042391304347826085
2005-12-01,A,0,684,787.0,0.8691232528589581
2005-12-01,A,1,103,787.0,0.13087674714104194
2005-12-01,B,0,13921,14978.0,0.9294298304179464
2005-12-01,B,1,1057,14978.0,0.07057016958205369
2005-12-01,H,0,7626,8304.0,0.9183526011560693
2005-12-01,H,1,678,8304.0,0.08164739884393063
2005-12-01,W,0,2751,2935.0,0.9373083475298126
2005-12-01,W,1,184,2935.0,0.06269165247018739
2006-01-01,A,0,1227,1262.0,0.9722662440570523
2006-01-01,A,1,35,1262.0,0.0277337559429477
2006-01-01,B,0,20838,22373.0,0.9313905153533276
2006-01-01,B,1,1535,22373.0,0.06860948464667233
2006-01-01,H,0,13255,13945.0,0.9505198996055934
2006-01-01,H,1,690,13945.0,0.0494801003944066
2006-01-01,W,0,4798,5019.0,0.955967324168161
2006-01-01,W,1,221,5019.0,0.044032675831839015
2006-02-01,A,0,1229,1289.0,0.9534522885958107
2006-02-01,A,1,60,1289.0,0.04654771140418929
2006-02-01,B,0,21601,21601.0,1.0
2006-02-01,H,0,12310,12795.0,0.9620945681906995
2006-02-01,H,1,485,12795.0,0.037905431809300505
2006-02-01,W,0,4700,4700.0,1.0
2006-03-01,A,0,1371,1507.0,0.9097544790975448
2006-03-01,A,1,136,1507.0,0.0902455209024552
2006-03-01,B,0,23492,25248.0,0.9304499366286438
2006-03-01,B,1,1756,25248.0,0.06955006337135615
2006-03-01,H,0,13868,14429.0,0.9611199667336614
2006-03-01,H,1,561,14429.0,0.038880033266338626
2006-03-01,W,0,4529,5042.0,0.8982546608488695
2006-03-01,W,1,513,5042.0,0.1017453391511305
2006-04-01,A,0,1162,1200.0,0.9683333333333334
2006-04-01,A,1,38,1200.0,0.03166666666666667
2006-04-01,B,0,19886,22413.0,0.8872529335653415
2006-04-01,B,1,2527,22413.0,0.11274706643465846
2006-04-01,H,0,10137,12083.0,0.8389472813043118
2006-04-01,H,1,1946,12083.0,0.16105271869568816
2006-04-01,W,0,4497,4497.0,1.0
2006-05-01,A,0,1126,1296.0,0.8688271604938271
2006-05-01,A,1,170,1296.0,0.13117283950617284
2006-05-01,B,0,23194,23744.0,0.9768362533692723
2006-05-01,B,1,550,23744.0,0.023163746630727764
2006-05-01,H,0,13125,13287.0,0.9878076315195303
2006-05-01,H,1,162,13287.0,0.012192368480469631
2006-05-01,W,0,4502,4676.0,0.9627887082976904
2006-05-01,W,1,174,4676.0,0.03721129170230967
2006-06-01,A,0,1104,1170.0,0.9435897435897436
2006-06-01,A,1,66,1170.0,0.05641025641025641
2006-06-01,B,0,19591,22354.0,0.876397960096627
2006-06-01,B,1,2763,22354.0,0.123602039903373
2006-06-01,H,0,11663,12181.0,0.9574747557671784
2006-06-01,H,1,518,12181.0,0.042525244232821606
2006-06-01,W,0,4396,4396.0,1.0
2006-07-01,A,0,895,954.0,0.9381551362683438
2006-07-01,A,1,59,954.0,0.06184486373165619
2006-07-01,B,0,18602,20456.0,0.9093664450527963
2006-07-01,B,1,1854,20456.0,0.09063355494720375
2006-07-01,H,0,10179,11235.0,0.9060080106809079
2006-07-01,H,1,1056,11235.0,0.09399198931909213
2006-07-01,W,0,3851,4058.0,0.948989650073928
2006-07-01,W,1,207,4058.0,0.05101034992607196
2006-08-01,A,0,950,983.0,0.9664292980671414
2006-08-01,A,1,33,983.0,0.0335707019328586
2006-08-01,B,0,20451,23012.0,0.8887102381366244
2006-08-01,B,1,2561,23012.0,0.11128976186337564
2006-08-01,H,0,11749,13126.0,0.8950937071461222
2006-08-01,H,1,1377,13126.0,0.1049062928538778
2006-08-01,W,0,4097,4424.0,0.9260849909584087
2006-08-01,W,1,327,4424.0,0.07391500904159132
2006-09-01,A,0,908,990.0,0.9171717171717172
2006-09-01,A,1,82,990.0,0.08282828282828283
2006-09-01,B,0,21881,22610.0,0.9677576293675365
2006-09-01,B,1,729,22610.0,0.03224237063246351
2006-09-01,H,0,11245,11961.0,0.9401387843825767
2006-09-01,H,1,716,11961.0,0.059861215617423295
2006-09-01,W,0,4174,4174.0,1.0
2006-10-01,A,0,968,1084.0,0.8929889298892989
2006-10-01,A,1,116,1084.0,0.1070110701107011
2006-10-01,B,0,14852,23481.0,0.6325113921894298
2006-10-01,B,1,8629,23481.0,0.36748860781057024
2006-10-01,H,0,11575,12027.0,0.962417893073917
2006-10-01,H,1,452,12027.0,0.03758210692608298
2006-10-01,W,0,4247,4737.0,0.8965590035887693
2006-10-01,W,1,490,4737.0,0.10344099641123074
2006-11-01,A,0,903,957.0,0.9435736677115988
2006-11-01,A,1,54,957.0,0.05642633228840126
2006-11-01,B,0,19478,21055.0,0.9251009261458086
2006-11-01,B,1,1577,21055.0,0.07489907385419141
2006-11-01,H,0,9990,10975.0,0.910250569476082
2006-11-01,H,1,985,10975.0,0.089749430523918
2006-11-01,W,0,4034,4034.0,1.0
2006-12-01,A,0,682,785.0,0.8687898089171975
2006-12-01,A,1,103,785.0,0.13121019108280255
2006-12-01,B,0,15697,19103.0,0.8217033973721405
2006-12-01,B,1,3406,19103.0,0.17829660262785949
2006-12-01,H,0,9060,9808.0,0.9237357259380098
2006-12-01,H,1,748,9808.0,0.07626427406199021
2006-12-01,W,0,3628,3739.0,0.9703129178924846
2006-12-01,W,1,111,3739.0,0.02968708210751538
2007-01-01,A,0,1052,1166.0,0.902229845626072
2007-01-01,A,1,114,1166.0,0.09777015437392796
2007-01-01,B,0,24564,25260.0,0.9724465558194775
2007-01-01,B,1,696,25260.0,0.027553444180522565
2007-01-01,H,0,14024,15401.0,0.9105902214141939
2007-01-01,H,1,1377,15401.0,0.08940977858580612
2007-01-01,W,0,4861,5267.0,0.9229162711220809
2007-01-01,W,1,406,5267.0,0.07708372887791912
2007-02-01,A,0,974,1065.0,0.9145539906103286
2007-02-01,A,1,91,1065.0,0.08544600938967137
2007-02-01,B,0,20969,20969.0,1.0
2007-02-01,H,0,12206,12284.0,0.9936502767828069
2007-02-01,H,1,78,12284.0,0.006349723217193097
2007-02-01,W,0,4386,4731.0,0.9270767279644896
2007-02-01,W,1,345,4731.0,0.07292327203551047
2007-03-01,A,0,1016,1111.0,0.9144914491449145
2007-03-01,A,1,95,1111.0,0.0855085508550855
2007-03-01,B,0,16854,21229.0,0.7939139855857553
2007-03-01,B,1,4375,21229.0,0.20608601441424468
2007-03-01,H,0,12689,13518.0,0.9386743601124427
2007-03-01,H,1,829,13518.0,0.061325639887557334
2007-03-01,W,0,5088,5292.0,0.9614512471655329
2007-03-01,W,1,204,5292.0,0.03854875283446712
2007-04-01,A,0,982,1074.0,0.9143389199255121
2007-04-01,A,1,92,1074.0,0.0856610800744879
2007-04-01,B,0,18486,19969.0,0.925734889078071
2007-04-01,B,1,1483,19969.0,0.07426511092192899
2007-04-01,H,0,11435,12383.0,0.9234434305095696
2007-04-01,H,1,948,12383.0,0.07655656949043042
2007-04-01,W,0,4143,4421.0,0.9371182990273694
2007-04-01,W,1,278,4421.0,0.06288170097263063
2007-05-01,A,0,1055,1126.0,0.9369449378330373
2007-05-01,A,1,71,1126.0,0.0630550621669627
2007-05-01,B,0,18630,19940.0,0.9343029087261785
2007-05-01,B,1,1310,19940.0,0.06569709127382146
2007-05-01,H,0,11253,12277.0,0.91659200130325
2007-05-01,H,1,1024,12277.0,0.08340799869675002
2007-05-01,W,0,4130,4471.0,0.9237307090136435
2007-05-01,W,1,341,4471.0,0.07626929098635651
2007-06-01,A,0,935,1027.0,0.9104186952288218
2007-06-01,A,1,92,1027.0,0.08958130477117819
2007-06-01,B,0,15627,17167.0,0.9102930040193394
2007-06-01,B,1,1540,17167.0,0.08970699598066056
2007-06-01,H,0,10291,11032.0,0.932831762146483
2007-06-01,H,1,741,11032.0,0.06716823785351704
2007-06-01,W,0,3757,4086.0,0.9194811551639746
2007-06-01,W,1,329,4086.0,0.08051884483602545
2007-07-01,A,0,924,956.0,0.9665271966527197
2007-07-01,A,1,32,956.0,0.03347280334728033
2007-07-01,B,0,17928,17928.0,1.0
2007-07-01,H,0,9645,10065.0,0.9582712369597616
2007-07-01,H,1,420,10065.0,0.041728763040238454
2007-07-01,W,0,3830,3959.0,0.9674160141449861
2007-07-01,W,1,129,3959.0,0.032583985855013896
2007-08-01,A,0,905,929.0,0.9741657696447793
2007-08-01,A,1,24,929.0,0.02583423035522067
2007-08-01,B,0,18639,19237.0,0.9689140718407236
2007-08-01,B,1,598,19237.0,0.031085928159276393
2007-08-01,H,0,9452,10647.0,0.887761810838734
2007-08-01,H,1,1195,10647.0,0.11223818916126609
2007-08-01,W,0,3861,4233.0,0.9121190644932672
2007-08-01,W,1,372,4233.0,0.08788093550673282
2007-09-01,A,0,887,978.0,0.9069529652351738
2007-09-01,A,1,91,978.0,0.09304703476482618
2007-09-01,B,0,20276,21660.0,0.9361034164358264
2007-09-01,B,1,1384,21660.0,0.06389658356417359
2007-09-01,H,0,10374,10955.0,0.9469648562300319
2007-09-01,H,1,581,10955.0,0.053035143769968054
2007-09-01,W,0,3619,4380.0,0.8262557077625571
2007-09-01,W,1,761,4380.0,0.17374429223744292
2007-10-01,A,0,1256,1456.0,0.8626373626373627
2007-10-01,A,1,200,1456.0,0.13736263736263737
2007-10-01,B,0,20062,22293.0,0.8999237428789306
2007-10-01,B,1,2231,22293.0,0.10007625712106939
2007-10-01,H,0,11196,12537.0,0.8930366116295765
2007-10-01,H,1,1341,12537.0,0.10696338837042355
2007-10-01,W,0,4090,4822.0,0.8481957693902945
2007-10-01,W,1,732,4822.0,0.15180423060970552
2007-11-01,A,0,1079,1175.0,0.9182978723404255
2007-11-01,A,1,96,1175.0,0.08170212765957446
2007-11-01,B,0,17021,19517.0,0.8721114925449608
2007-11-01,B,1,2496,19517.0,0.12788850745503919
2007-11-01,H,0,9906,10864.0,0.9118188512518409
2007-11-01,H,1,958,10864.0,0.08818114874815906
2007-11-01,W,0,3534,3963.0,0.8917486752460257
2007-11-01,W,1,429,3963.0,0.10825132475397427
2007-12-01,A,0,850,1043.0,0.8149568552253116
2007-12-01,A,1,193,1043.0,0.1850431447746884
2007-12-01,B,0,13162,15933.0,0.8260842277035084
2007-12-01,B,1,2771,15933.0,0.17391577229649155
2007-12-01,H,0,7404,8766.0,0.8446269678302533
2007-12-01,H,1,1362,8766.0,0.15537303216974674
2007-12-01,W,0,2847,3167.0,0.8989580044205873
2007-12-01,W,1,320,3167.0,0.1010419955794127
2008-01-01,A,0,1428,1616.0,0.8836633663366337
2008-01-01,A,1,188,1616.0,0.11633663366336634
2008-01-01,B,0,24700,26664.0,0.9263426342634263
2008-01-01,B,1,1964,26664.0,0.07365736573657365
2008-01-01,H,0,13686,15598.0,0.8774201820746249
2008-01-01,H,1,1912,15598.0,0.12257981792537505
2008-01-01,W,0,4617,4877.0,0.9466885380356777
2008-01-01,W,1,260,4877.0,0.05331146196432233
2008-02-01,A,0,1414,1549.0,0.9128469980632666
2008-02-01,A,1,135,1549.0,0.08715300193673338
2008-02-01,B,0,23347,23974.0,0.9738466672228248
2008-02-01,B,1,627,23974.0,0.026153332777175273
2008-02-01,H,0,13419,14791.0,0.9072408897302414
2008-02-01,H,1,1372,14791.0,0.09275911026975864
2008-02-01,W,0,4386,4812.0,0.9114713216957606
2008-02-01,W,1,426,4812.0,0.0885286783042394
2008-03-01,A,0,1460,1590.0,0.9182389937106918
2008-03-01,A,1,130,1590.0,0.08176100628930817
2008-03-01,B,0,24166,24786.0,0.9749858791253126
2008-03-01,B,1,620,24786.0,0.025014120874687323
2008-03-01,H,0,13607,16143.0,0.842904045096946
2008-03-01,H,1,2536,16143.0,0.15709595490305395
2008-03-01,W,0,5587,5702.0,0.9798316380217468
2008-03-01,W,1,115,5702.0,0.020168361978253245
2008-04-01,A,0,1344,1467.0,0.9161554192229039
2008-04-01,A,1,123,1467.0,0.08384458077709611
2008-04-01,B,0,21415,22724.0,0.9423957049815174
2008-04-01,B,1,1309,22724.0,0.05760429501848266
2008-04-01,H,0,14161,14857.0,0.953153395705728
2008-04-01,H,1,696,14857.0,0.04684660429427206
2008-04-01,W,0,5465,5564.0,0.9822070452911574
2008-04-01,W,1,99,5564.0,0.01779295470884256
2008-05-01,A,0,1436,1436.0,1.0
2008-05-01,B,0,22422,22422.0,1.0
2008-05-01,H,0,14080,15317.0,0.9192400600639812
2008-05-01,H,1,1237,15317.0,0.0807599399360188
2008-05-01,W,0,4955,5505.0,0.9000908265213442
2008-05-01,W,1,550,5505.0,0.09990917347865577
2008-06-01,A,0,994,1103.0,0.9011786038077969
2008-06-01,A,1,109,1103.0,0.09882139619220308
2008-06-01,B,0,16526,17509.0,0.9438574447427037
2008-06-01,B,1,983,17509.0,0.05614255525729625
2008-06-01,H,0,10368,11311.0,0.9166298293696402
2008-06-01,H,1,943,11311.0,0.08337017063035983
2008-06-01,W,0,3985,3985.0,1.0
2008-07-01,A,0,1004,1150.0,0.8730434782608696
2008-07-01,A,1,146,1150.0,0.12695652173913044
2008-07-01,B,0,16895,17612.0,0.9592891210538269
2008-07-01,B,1,717,17612.0,0.04071087894617306
2008-07-01,H,0,11763,11881.0,0.9900681760794546
2008-07-01,H,1,118,11881.0,0.009931823920545408
2008-07-01,W,0,4173,4298.0,0.9709167054443928
2008-07-01,W,1,125,4298.0,0.02908329455560726
2008-08-01,A,0,1068,1203.0,0.8877805486284289
2008-08-01,A,1,135,1203.0,0.11221945137157108
2008-08-01,B,0,21061,21061.0,1.0
2008-08-01,H,0,12286,12738.0,0.9645156225467106
2008-08-01,H,1,452,12738.0,0.03548437745328937
2008-08-01,W,0,4071,4303.0,0.9460841273530095
2008-08-01,W,1,232,4303.0,0.05391587264699047
2008-09-01,A,0,1217,1304.0,0.933282208588957
2008-09-01,A,1,87,1304.0,0.06671779141104295
2008-09-01,B,0,21021,23888.0,0.8799815807099799
2008-09-01,B,1,2867,23888.0,0.12001841929002009
2008-09-01,H,0,13186,13615.0,0.9684906353286816
2008-09-01,H,1,429,13615.0,0.0315093646713184
2008-09-01,W,0,4663,4785.0,0.974503657262278
2008-09-01,W,1,122,4785.0,0.02549634273772205
2008-10-01,A,0,1330,1421.0,0.9359605911330049
2008-10-01,A,1,91,1421.0,0.06403940886699508
2008-10-01,B,0,24673,28358.0,0.8700543056633049
2008-10-01,B,1,3685,28358.0,0.12994569433669512
2008-10-01,H,0,14174,15884.0,0.8923444976076556
2008-10-01,H,1,1710,15884.0,0.1076555023923445
2008-10-01,W,0,5155,5372.0,0.9596053611317945
2008-10-01,W,1,217,5372.0,0.04039463886820551
2008-11-01,A,0,1250,1445.0,0.8650519031141869
2008-11-01,A,1,195,1445.0,0.13494809688581316
2008-11-01,B,0,22045,25798.0,0.8545236064811226
2008-11-01,B,1,3753,25798.0,0.14547639351887742
2008-11-01,H,0,12970,14576.0,0.8898188803512623
2008-11-01,H,1,1606,14576.0,0.11018111964873765
2008-11-01,W,0,4574,4797.0,0.9535126120491975
2008-11-01,W,1,223,4797.0,0.04648738795080259
2008-12-01,A,0,944,1207.0,0.7821043910521955
2008-12-01,A,1,263,1207.0,0.21789560894780446
2008-12-01,B,0,18543,20792.0,0.8918333974605618
2008-12-01,B,1,2249,20792.0,0.10816660253943824
2008-12-01,H,0,9889,11763.0,0.8406868996004421
2008-12-01,H,1,1874,11763.0,0.15931310039955793
2008-12-01,W,0,3364,3650.0,0.9216438356164384
2008-12-01,W,1,286,3650.0,0.07835616438356165
2009-01-01,A,0,1621,1872.0,0.8659188034188035
2009-01-01,A,1,251,1872.0,0.13408119658119658
2009-01-01,B,0,30464,32041.0,0.9507818108049062
2009-01-01,B,1,1577,32041.0,0.049218189195093784
2009-01-01,H,0,17044,19437.0,0.8768842928435459
2009-01-01,H,1,2393,19437.0,0.12311570715645419
2009-01-01,W,0,4578,5323.0,0.8600413300770242
2009-01-01,W,1,745,5323.0,0.13995866992297576
2009-02-01,A,0,1438,1601.0,0.8981886321049344
2009-02-01,A,1,163,1601.0,0.10181136789506559
2009-02-01,B,0,26274,28672.0,0.9163643973214286
2009-02-01,B,1,2398,28672.0,0.08363560267857142
2009-02-01,H,0,17132,18639.0,0.9191480229626053
2009-02-01,H,1,1507,18639.0,0.0808519770373947
2009-02-01,W,0,4850,5328.0,0.9102852852852853
2009-02-01,W,1,478,5328.0,0.08971471471471472
2009-03-01,A,0,1480,1689.0,0.8762581409117821
2009-03-01,A,1,209,1689.0,0.12374185908821789
2009-03-01,B,0,25582,29638.0,0.8631486605034078
2009-03-01,B,1,4056,29638.0,0.1368513394965922
2009-03-01,H,0,16675,18159.0,0.918277438184922
2009-03-01,H,1,1484,18159.0,0.08172256181507792
2009-03-01,W,0,4975,5276.0,0.9429492039423806
2009-03-01,W,1,301,5276.0,0.05705079605761941
2009-04-01,A,0,1242,1459.0,0.8512679917751885
2009-04-01,A,1,217,1459.0,0.1487320082248115
2009-04-01,B,0,24811,27001.0,0.9188918928928558
2009-04-01,B,1,2190,27001.0,0.08110810710714418
2009-04-01,H,0,15419,16503.0,0.9343149730352057
2009-04-01,H,1,1084,16503.0,0.06568502696479428
2009-04-01,W,0,4242,4731.0,0.8966391883322765
2009-04-01,W,1,489,4731.0,0.10336081166772353
2009-05-01,A,0,1002,1373.0,0.7297887836853605
2009-05-01,A,1,371,1373.0,0.27021121631463946
2009-05-01,B,0,24203,25956.0,0.9324626290645708
2009-05-01,B,1,1753,25956.0,0.06753737093542919
2009-05-01,H,0,14945,15414.0,0.9695731153496822
2009-05-01,H,1,469,15414.0,0.030426884650317895
2009-05-01,W,0,4584,4859.0,0.9434039925910681
2009-05-01,W,1,275,4859.0,0.05659600740893188
2009-06-01,A,0,1258,1309.0,0.961038961038961
2009-06-01,A,1,51,1309.0,0.03896103896103896
2009-06-01,B,0,20117,21486.0,0.9362840919668621
2009-06-01,B,1,1369,21486.0,0.06371590803313786
2009-06-01,H,0,11900,12560.0,0.947452229299363
2009-06-01,H,1,660,12560.0,0.052547770700636945
2009-06-01,W,0,4110,4379.0,0.9385704498744005
2009-06-01,W,1,269,4379.0,0.061429550125599454
2009-07-01,A,0,1090,1190.0,0.9159663865546218
2009-07-01,A,1,100,1190.0,0.08403361344537816
2009-07-01,B,0,24170,24836.0,0.9731840876147527
2009-07-01,B,1,666,24836.0,0.02681591238524722
2009-07-01,H,0,12913,13196.0,0.9785541073052441
2009-07-01,H,1,283,13196.0,0.021445892694755987
2009-07-01,W,0,3993,4322.0,0.9238778343359556
2009-07-01,W,1,329,4322.0,0.07612216566404442
2009-08-01,A,0,988,1084.0,0.9114391143911439
2009-08-01,A,1,96,1084.0,0.08856088560885608
2009-08-01,B,0,23858,26823.0,0.8894605375983298
2009-08-01,B,1,2965,26823.0,0.1105394624016702
2009-08-01,H,0,12517,13661.0,0.9162579606178172
2009-08-01,H,1,1144,13661.0,0.08374203938218286
2009-08-01,W,0,3550,4038.0,0.8791480931154037
2009-08-01,W,1,488,4038.0,0.12085190688459634
2009-09-01,A,0,917,1170.0,0.7837606837606838
2009-09-01,A,1,253,1170.0,0.21623931623931625
2009-09-01,B,0,24348,25857.0,0.9416405615500638
2009-09-01,B,1,1509,25857.0,0.058359438449936185
2009-09-01,H,0,12326,14309.0,0.8614158920958838
2009-09-01,H,1,1983,14309.0,0.1385841079041163
2009-09-01,W,0,3999,4079.0,0.9803873498406472
2009-09-01,W,1,80,4079.0,0.019612650159352783
2009-10-01,A,0,1523,1523.0,1.0
2009-10-01,B,0,25735,26701.0,0.9638215797161155
2009-10-01,B,1,966,26701.0,0.0361784202838845
2009-10-01,H,0,13212,15228.0,0.8676122931442081
2009-10-01,H,1,2016,15228.0,0.13238770685579196
2009-10-01,W,0,4221,4306.0,0.9802601021830004
2009-10-01,W,1,85,4306.0,0.019739897816999537
2009-11-01,A,0,1219,1375.0,0.8865454545454545
2009-11-01,A,1,156,1375.0,0.11345454545454546
2009-11-01,B,0,21538,23335.0,0.9229912149132204
2009-11-01,B,1,1797,23335.0,0.07700878508677951
2009-11-01,H,0,10510,12802.0,0.8209654741446649
2009-11-01,H,1,2292,12802.0,0.1790345258553351
2009-11-01,W,0,3461,3684.0,0.9394679695982627
2009-11-01,W,1,223,3684.0,0.06053203040173724
2009-12-01,A,0,821,1200.0,0.6841666666666667
2009-12-01,A,1,379,1200.0,0.31583333333333335
2009-12-01,B,0,18265,18265.0,1.0
2009-12-01,H,0,9616,10147.0,0.9476692618507934
2009-12-01,H,1,531,10147.0,0.05233073814920666
2009-12-01,W,0,2879,3276.0,0.8788156288156288
2009-12-01,W,1,397,3276.0,0.12118437118437118
2010-01-01,A,0,1458,1625.0,0.8972307692307693
2010-01-01,A,1,167,1625.0,0.10276923076923077
2010-01-01,B,0,24345,29647.0,0.8211623435760785
2010-01-01,B,1,5302,29647.0,0.17883765642392146
2010-01-01,H,0,15690,16827.0,0.9324300231770369
2010-01-01,H,1,1137,16827.0,0.06756997682296309
2010-01-01,W,0,4196,4746.0,0.8841129372102824
2010-01-01,W,1,550,4746.0,0.11588706278971765
2010-02-01,A,0,1413,1495.0,0.9451505016722408
2010-02-01,A,1,82,1495.0,0.0548494983277592
2010-02-01,B,0,23023,24510.0,0.9393308853529172
2010-02-01,B,1,1487,24510.0,0.06066911464708282
2010-02-01,H,0,12652,14760.0,0.8571815718157182
2010-02-01,H,1,2108,14760.0,0.14281842818428184
2010-02-01,W,0,4025,4110.0,0.9793187347931873
2010-02-01,W,1,85,4110.0,0.02068126520681265
2010-03-01,A,0,1460,1495.0,0.9765886287625418
2010-03-01,A,1,35,1495.0,0.023411371237458192
2010-03-01,B,0,23372,24986.0,0.9354038261426398
2010-03-01,B,1,1614,24986.0,0.06459617385736012
2010-03-01,H,0,13865,15624.0,0.8874167946748592
2010-03-01,H,1,1759,15624.0,0.11258320532514081
2010-03-01,W,0,4818,4818.0,1.0
2010-04-01,A,0,2089,2089.0,1.0
2010-04-01,B,0,29759,31054.0,0.9582984478650093
2010-04-01,B,1,1295,31054.0,0.04170155213499066
2010-04-01,H,0,16701,19890.0,0.8396681749622926
2010-04-01,H,1,3189,19890.0,0.1603318250377074
2010-04-01,W,0,5119,5418.0,0.9448135843484681
2010-04-01,W,1,299,5418.0,0.05518641565153193
2010-05-01,A,0,2008,2071.0,0.969579913085466
2010-05-01,A,1,63,2071.0,0.03042008691453404
2010-05-01,B,0,29516,31360.0,0.9411989795918367
2010-05-01,B,1,1844,31360.0,0.05880102040816326
2010-05-01,H,0,17984,19862.0,0.9054475883596818
2010-05-01,H,1,1878,19862.0,0.09455241164031819
2010-05-01,W,0,5136,5427.0,0.9463792150359315
2010-05-01,W,1,291,5427.0,0.053620784964068545
2010-06-01,A,0,1248,1409.0,0.8857345635202271
2010-06-01,A,1,161,1409.0,0.11426543647977289
2010-06-01,B,0,24166,25576.0,0.9448701908038787
2010-06-01,B,1,1410,25576.0,0.055129809196121364
2010-06-01,H,0,14079,15038.0,0.9362282218380104
2010-06-01,H,1,959,15038.0,0.06377177816198963
2010-06-01,W,0,4099,4353.0,0.941649437169768
2010-06-01,W,1,254,4353.0,0.058350562830232024
2010-07-01,A,0,1121,1376.0,0.8146802325581395
2010-07-01,A,1,255,1376.0,0.18531976744186046
2010-07-01,B,0,24748,24748.0,1.0
2010-07-01,H,0,12242,13708.0,0.8930551502772104
2010-07-01,H,1,1466,13708.0,0.10694484972278961
2010-07-01,W,0,4083,4083.0,1.0
2010-08-01,A,0,1230,1398.0,0.8798283261802575
2010-08-01,A,1,168,1398.0,0.12017167381974249
2010-08-01,B,0,22058,24572.0,0.8976884258505616
2010-08-01,B,1,2514,24572.0,0.10231157414943838
2010-08-01,H,0,13462,13860.0,0.9712842712842713
2010-08-01,H,1,398,13860.0,0.028715728715728715
2010-08-01,W,0,4210,4276.0,0.9845650140318054
2010-08-01,W,1,66,4276.0,0.015434985968194575
2010-09-01,A,0,1461,1602.0,0.9119850187265918
2010-09-01,A,1,141,1602.0,0.08801498127340825
2010-09-01,B,0,22251,23893.0,0.9312769430377098
2010-09-01,B,1,1642,23893.0,0.06872305696229021
2010-09-01,H,0,12526,13976.0,0.8962507155123068
2010-09-01,H,1,1450,13976.0,0.10374928448769319
2010-09-01,W,0,4208,4479.0,0.9394954230855102
2010-09-01,W,1,271,4479.0,0.06050457691448984
2010-10-01,A,0,1852,2005.0,0.9236907730673317
2010-10-01,A,1,153,2005.0,0.07630922693266833
2010-10-01,B,0,25574,28936.0,0.8838125518385402
2010-10-01,B,1,3362,28936.0,0.11618744816145977
2010-10-01,H,0,15007,17081.0,0.8785785375563492
2010-10-01,H,1,2074,17081.0,0.12142146244365085
2010-10-01,W,0,4775,5151.0,0.9270044651523975
2010-10-01,W,1,376,5151.0,0.0729955348476024
2010-11-01,A,0,1589,1738.0,0.9142692750287686
2010-11-01,A,1,149,1738.0,0.0857307249712313
2010-11-01,B,0,22556,25845.0,0.8727413426194621
2010-11-01,B,1,3289,25845.0,0.12725865738053782
2010-11-01,H,0,14717,16092.0,0.914553815560527
2010-11-01,H,1,1375,16092.0,0.08544618443947304
2010-11-01,W,0,4000,4316.0,0.9267840593141798
2010-11-01,W,1,316,4316.0,0.0732159406858202
2010-12-01,A,0,1187,1429.0,0.8306508047585724
2010-12-01,A,1,242,1429.0,0.16934919524142758
2010-12-01,B,0,18588,19956.0,0.931449188214071
2010-12-01,B,1,1368,19956.0,0.06855081178592905
2010-12-01,H,0,11656,12608.0,0.924492385786802
2010-12-01,H,1,952,12608.0,0.07550761421319797
2010-12-01,W,0,3420,3633.0,0.9413707679603633
2010-12-01,W,1,213,3633.0,0.058629232039636665
2011-01-01,A,0,2151,2190.0,0.9821917808219178
2011-01-01,A,1,39,2190.0,0.01780821917808219
2011-01-01,B,0,26719,29516.0,0.9052378371052988
2011-01-01,B,1,2797,29516.0,0.09476216289470119
2011-01-01,H,0,18558,19522.0,0.9506198135436943
2011-01-01,H,1,964,19522.0,0.04938018645630571
2011-01-01,W,0,4659,5047.0,0.9231226471170992
2011-01-01,W,1,388,5047.0,0.07687735288290073
2011-02-01,A,0,1792,2150.0,0.8334883720930233
2011-02-01,A,1,358,2150.0,0.16651162790697674
2011-02-01,B,0,28670,30637.0,0.9357965858275941
2011-02-01,B,1,1967,30637.0,0.06420341417240591
2011-02-01,H,0,16196,20162.0,0.8032933240749925
2011-02-01,H,1,3966,20162.0,0.19670667592500743
2011-02-01,W,0,4891,5591.0,0.8747987837596136
2011-02-01,W,1,700,5591.0,0.12520121624038633
2011-03-01,A,0,2402,2459.0,0.9768198454656364
2011-03-01,A,1,57,2459.0,0.023180154534363562
2011-03-01,B,0,28877,31710.0,0.9106590980763166
2011-03-01,B,1,2833,31710.0,0.08934090192368338
2011-03-01,H,0,18344,21101.0,0.8693426851807972
2011-03-01,H,1,2757,21101.0,0.13065731481920287
2011-03-01,W,0,5665,6195.0,0.9144471347861178
2011-03-01,W,1,530,6195.0,0.08555286521388217
2011-04-01,A,0,2105,2191.0,0.9607485166590598
2011-04-01,A,1,86,2191.0,0.03925148334094021
2011-04-01,B,0,28815,31249.0,0.9221095075042401
2011-04-01,B,1,2434,31249.0,0.07789049249575987
2011-04-01,H,0,18240,19995.0,0.9122280570142536
2011-04-01,H,1,1755,19995.0,0.08777194298574643
2011-04-01,W,0,5360,6199.0,0.8646555896112276
2011-04-01,W,1,839,6199.0,0.13534441038877237
2011-05-01,A,0,2336,2336.0,1.0
2011-05-01,B,0,26738,30611.0,0.8734768547254255
2011-05-01,B,1,3873,30611.0,0.1265231452745745
2011-05-01,H,0,17272,19172.0,0.9008971416649281
2011-05-01,H,1,1900,19172.0,0.09910285833507199
2011-05-01,W,0,5120,5580.0,0.9175627240143369
2011-05-01,W,1,460,5580.0,0.08243727598566308
2011-06-01,A,0,1802,1802.0,1.0
2011-06-01,B,0,26728,28701.0,0.9312567506358663
2011-06-01,B,1,1973,28701.0,0.06874324936413366
2011-06-01,H,0,17326,19054.0,0.9093103810223575
2011-06-01,H,1,1728,19054.0,0.0906896189776425
2011-06-01,W,0,4002,4998.0,0.8007202881152461
2011-06-01,W,1,996,4998.0,0.1992797118847539
2011-07-01,A,0,1552,1756.0,0.8838268792710706
2011-07-01,A,1,204,1756.0,0.11617312072892938
2011-07-01,B,0,27076,27717.0,0.9768733989970054
2011-07-01,B,1,641,27717.0,0.023126601002994553
2011-07-01,H,0,15375,17046.0,0.9019711369236184
2011-07-01,H,1,1671,17046.0,0.09802886307638156
2011-07-01,W,0,3957,4689.0,0.8438899552143314
2011-07-01,W,1,732,4689.0,0.1561100447856686
2011-08-01,A,0,1287,1522.0,0.8455978975032852
2011-08-01,A,1,235,1522.0,0.15440210249671485
2011-08-01,B,0,24269,26209.0,0.9259796253195467
2011-08-01,B,1,1940,26209.0,0.07402037468045328
2011-08-01,H,0,13879,15830.0,0.8767530006317119
2011-08-01,H,1,1951,15830.0,0.12324699936828806
2011-08-01,W,0,3930,4126.0,0.9524963645176927
2011-08-01,W,1,196,4126.0,0.04750363548230732
2011-09-01,A,0,1600,1702.0,0.9400705052878966
2011-09-01,A,1,102,1702.0,0.05992949471210341
2011-09-01,B,0,26922,26922.0,1.0
2011-09-01,H,0,15565,16261.0,0.9571982042924789
2011-09-01,H,1,696,16261.0,0.04280179570752106
2011-09-01,W,0,4140,4354.0,0.9508497932935231
2011-09-01,W,1,214,4354.0,0.0491502067064768
2011-10-01,A,0,1745,1903.0,0.9169732002101945
2011-10-01,A,1,158,1903.0,0.08302679978980557
2011-10-01,B,0,25866,30021.0,0.8615968821824723
2011-10-01,B,1,4155,30021.0,0.13840311781752773
2011-10-01,H,0,17363,19946.0,0.8705003509475584
2011-10-01,H,1,2583,19946.0,0.1294996490524416
2011-10-01,W,0,4361,5030.0,0.8669980119284294
2011-10-01,W,1,669,5030.0,0.13300198807157057
2011-11-01,A,0,1634,1925.0,0.8488311688311688
2011-11-01,A,1,291,1925.0,0.15116883116883117
2011-11-01,B,0,30208,30208.0,1.0
2011-11-01,H,0,17465,18938.0,0.9222198753828281
2011-11-01,H,1,1473,18938.0,0.07778012461717182
2011-11-01,W,0,4879,5092.0,0.9581696779261587
2011-11-01,W,1,213,5092.0,0.04183032207384132
2011-12-01,A,0,1823,1996.0,0.9133266533066132
2011-12-01,A,1,173,1996.0,0.08667334669338678
2011-12-01,B,0,25357,27242.0,0.9308053740547684
2011-12-01,B,1,1885,27242.0,0.06919462594523162
2011-12-01,H,0,15826,16713.0,0.9469275414348112
2011-12-01,H,1,887,16713.0,0.053072458565188774
2011-12-01,W,0,4220,4904.0,0.8605220228384992
2011-12-01,W,1,684,4904.0,0.13947797716150082
2012-01-01,A,0,1861,2101.0,0.8857686815802
2012-01-01,A,1,240,2101.0,0.1142313184198001
2012-01-01,B,0,34589,36346.0,0.9516590546415011
2012-01-01,B,1,1757,36346.0,0.04834094535849887
2012-01-01,H,0,20851,22263.0,0.936576382338409
2012-01-01,H,1,1412,22263.0,0.06342361766159098
2012-01-01,W,0,5774,5996.0,0.9629753168779186
2012-01-01,W,1,222,5996.0,0.03702468312208139
2012-02-01,A,0,1819,2083.0,0.8732597215554488
2012-02-01,A,1,264,2083.0,0.12674027844455113
2012-02-01,B,0,32795,34741.0,0.9439854926455773
2012-02-01,B,1,1946,34741.0,0.056014507354422725
2012-02-01,H,0,19182,21232.0,0.9034476262245666
2012-02-01,H,1,2050,21232.0,0.09655237377543331
2012-02-01,W,0,5632,5846.0,0.9633937735203558
2012-02-01,W,1,214,5846.0,0.0366062264796442
2012-03-01,A,0,1932,2088.0,0.9252873563218391
2012-03-01,A,1,156,2088.0,0.07471264367816093
2012-03-01,B,0,31137,36086.0,0.8628554009865321
2012-03-01,B,1,4949,36086.0,0.13714459901346782
2012-03-01,H,0,22112,22112.0,1.0
2012-03-01,W,0,6100,6447.0,0.9461765162090895
2012-03-01,W,1,347,6447.0,0.0538234837909105
2012-04-01,A,0,1634,1789.0,0.9133594186696479
2012-04-01,A,1,155,1789.0,0.08664058133035216
2012-04-01,B,0,27913,29643.0,0.9416388354754917
2012-04-01,B,1,1730,29643.0,0.05836116452450832
2012-04-01,H,0,16116,17268.0,0.9332870048644892
2012-04-01,H,1,1152,17268.0,0.06671299513551077
2012-04-01,W,0,4901,5210.0,0.9406909788867562
2012-04-01,W,1,309,5210.0,0.059309021113243765
2012-05-01,A,0,1474,1474.0,1.0
2012-05-01,B,0,22235,24170.0,0.9199420769549028
2012-05-01,B,1,1935,24170.0,0.08005792304509723
2012-05-01,H,0,13688,14520.0,0.9426997245179063
2012-05-01,H,1,832,14520.0,0.05730027548209366
2012-05-01,W,0,4294,4671.0,0.9192892314279597
2012-05-01,W,1,377,4671.0,0.08071076857204025
2012-06-01,A,0,1102,1126.0,0.9786856127886323
2012-06-01,A,1,24,1126.0,0.021314387211367674
2012-06-01,B,0,13240,16872.0,0.7847321005215742
2012-06-01,B,1,3632,16872.0,0.21526789947842578
2012-06-01,H,0,9034,9710.0,0.9303810504634398
2012-06-01,H,1,676,9710.0,0.06961894953656025
2012-06-01,W,0,3366,3498.0,0.9622641509433962
2012-06-01,W,1,132,3498.0,0.03773584905660377
2012-07-01,A,0,1035,1112.0,0.9307553956834532
2012-07-01,A,1,77,1112.0,0.06924460431654676
2012-07-01,B,0,14220,17763.0,0.8005404492484378
2012-07-01,B,1,3543,17763.0,0.19945955075156224
2012-07-01,H,0,8225,9612.0,0.8557012068248023
2012-07-01,H,1,1387,9612.0,0.14429879317519767
2012-07-01,W,0,3082,3497.0,0.8813268515870747
2012-07-01,W,1,415,3497.0,0.11867314841292537
2012-08-01,A,0,1141,1253.0,0.9106145251396648
2012-08-01,A,1,112,1253.0,0.0893854748603352
2012-08-01,B,0,17855,19672.0,0.9076352175681172
2012-08-01,B,1,1817,19672.0,0.09236478243188288
2012-08-01,H,0,9092,10686.0,0.8508328654314056
2012-08-01,H,1,1594,10686.0,0.14916713456859443
2012-08-01,W,0,3161,3519.0,0.8982665529980108
2012-08-01,W,1,358,3519.0,0.1017334470019892
2012-09-01,A,0,872,1098.0,0.7941712204007286
2012-09-01,A,1,226,1098.0,0.2058287795992714
2012-09-01,B,0,19276,19932.0,0.9670880995384307
2012-09-01,B,1,656,19932.0,0.03291190046156934
2012-09-01,H,0,10346,10931.0,0.9464824810172903
2012-09-01,H,1,585,10931.0,0.053517518982709726
2012-09-01,W,0,2837,3497.0,0.8112668001143838
2012-09-01,W,1,660,3497.0,0.18873319988561624
2012-10-01,A,0,1122,1202.0,0.9334442595673876
2012-10-01,A,1,80,1202.0,0.06655574043261231
2012-10-01,B,0,18176,19796.0,0.9181652859163467
2012-10-01,B,1,1620,19796.0,0.08183471408365327
2012-10-01,H,0,9933,10839.0,0.9164129532244673
2012-10-01,H,1,906,10839.0,0.0835870467755328
2012-10-01,W,0,3248,3380.0,0.9609467455621302
2012-10-01,W,1,132,3380.0,0.03905325443786982
2012-11-01,A,0,729,836.0,0.8720095693779905
2012-11-01,A,1,107,836.0,0.12799043062200957
2012-11-01,B,0,12170,13752.0,0.8849621873182083
2012-11-01,B,1,1582,13752.0,0.11503781268179174
2012-11-01,H,0,7577,7740.0,0.9789405684754522
2012-11-01,H,1,163,7740.0,0.021059431524547804
2012-11-01,W,0,1937,2263.0,0.8559434379142731
2012-11-01,W,1,326,2263.0,0.14405656208572692
2012-12-01,A,0,778,896.0,0.8683035714285714
2012-12-01,A,1,118,896.0,0.13169642857142858
2012-12-01,B,0,14833,15456.0,0.9596920289855072
2012-12-01,B,1,623,15456.0,0.04030797101449275
2012-12-01,H,0,7411,8227.0,0.9008143916372918
2012-12-01,H,1,816,8227.0,0.09918560836270815
2012-12-01,W,0,2264,2542.0,0.8906372934697089
2012-12-01,W,1,278,2542.0,0.1093627065302911
2013-01-01,A,0,994,1157.0,0.8591184096802075
2013-01-01,A,1,163,1157.0,0.14088159031979255
2013-01-01,B,0,18737,20924.0,0.8954788759319442
2013-01-01,B,1,2187,20924.0,0.10452112406805582
2013-01-01,H,0,9657,10849.0,0.8901281224075952
2013-01-01,H,1,1192,10849.0,0.10987187759240483
2013-01-01,W,0,3250,3337.0,0.9739286784537009
2013-01-01,W,1,87,3337.0,0.02607132154629907
2013-02-01,A,0,869,1158.0,0.7504317789291882
2013-02-01,A,1,289,1158.0,0.24956822107081175
2013-02-01,B,0,17204,18925.0,0.9090620871862616
2013-02-01,B,1,1721,18925.0,0.09093791281373845
2013-02-01,H,0,9446,10470.0,0.9021967526265521
2013-02-01,H,1,1024,10470.0,0.09780324737344795
2013-02-01,W,0,3250,3377.0,0.9623926562037312
2013-02-01,W,1,127,3377.0,0.03760734379626888
2013-03-01,A,0,858,1024.0,0.837890625
2013-03-01,A,1,166,1024.0,0.162109375
2013-03-01,B,0,14557,15001.0,0.9704019732017866
2013-03-01,B,1,444,15001.0,0.029598026798213453
2013-03-01,H,0,7542,7910.0,0.9534766118836915
2013-03-01,H,1,368,7910.0,0.04652338811630847
2013-03-01,W,0,3057,3057.0,1.0
2013-04-01,A,0,761,778.0,0.9781491002570694
2013-04-01,A,1,17,778.0,0.021850899742930592
2013-04-01,B,0,10134,11140.0,0.9096947935368043
2013-04-01,B,1,1006,11140.0,0.09030520646319569
2013-04-01,H,0,5618,5997.0,0.9368017342004336
2013-04-01,H,1,379,5997.0,0.06319826579956644
2013-04-01,W,0,2435,2536.0,0.9601735015772871
2013-04-01,W,1,101,2536.0,0.039826498422712936
2013-05-01,A,0,723,760.0,0.9513157894736842
2013-05-01,A,1,37,760.0,0.04868421052631579
2013-05-01,B,0,10363,11491.0,0.901836219650161
2013-05-01,B,1,1128,11491.0,0.09816378034983901
2013-05-01,H,0,5642,6078.0,0.9282658769332017
2013-05-01,H,1,436,6078.0,0.07173412306679829
2013-05-01,W,0,2384,2384.0,1.0
2013-06-01,A,0,525,604.0,0.8692052980132451
2013-06-01,A,1,79,604.0,0.13079470198675497
2013-06-01,B,0,8112,8890.0,0.9124859392575928
2013-06-01,B,1,778,8890.0,0.0875140607424072
2013-06-01,H,0,4284,4560.0,0.9394736842105263
2013-06-01,H,1,276,4560.0,0.060526315789473685
2013-06-01,W,0,1806,1880.0,0.9606382978723405
2013-06-01,W,1,74,1880.0,0.039361702127659576
2013-07-01,A,0,382,414.0,0.9227053140096618
2013-07-01,A,1,32,414.0,0.07729468599033816
2013-07-01,B,0,5113,5915.0,0.8644125105663567
2013-07-01,B,1,802,5915.0,0.1355874894336433
2013-07-01,H,0,2670,3030.0,0.8811881188118812
2013-07-01,H,1,360,3030.0,0.1188118811881188
2013-07-01,W,0,1288,1402.0,0.9186875891583453
2013-07-01,W,1,114,1402.0,0.08131241084165478
2013-08-01,A,0,174,228.0,0.7631578947368421
2013-08-01,A,1,54,228.0,0.23684210526315788
2013-08-01,B,0,2948,3276.0,0.8998778998778999
2013-08-01,B,1,328,3276.0,0.10012210012210013
2013-08-01,H,0,1411,1712.0,0.8241822429906542
2013-08-01,H,1,301,1712.0,0.1758177570093458
2013-08-01,W,0,790,916.0,0.8624454148471615
2013-08-01,W,1,126,916.0,0.13755458515283842
2013-09-01,A,0,99,130.0,0.7615384615384615
2013-09-01,A,1,31,130.0,0.23846153846153847
2013-09-01,B,0,1497,2021.0,0.7407224146462148
2013-09-01,B,1,524,2021.0,0.25927758535378526
2013-09-01,H,0,879,1046.0,0.8403441682600382
2013-09-01,H,1,167,1046.0,0.15965583173996176
2013-09-01,W,0,446,517.0,0.8626692456479691
2013-09-01,W,1,71,517.0,0.13733075435203096
2013-10-01,A,0,169,181.0,0.9337016574585635
2013-10-01,A,1,12,181.0,0.06629834254143646
2013-10-01,B,0,2156,2365.0,0.9116279069767442
2013-10-01,B,1,209,2365.0,0.08837209302325581
2013-10-01,H,0,841,1155.0,0.7281385281385281
2013-10-01,H,1,314,1155.0,0.27186147186147186
2013-10-01,W,0,436,524.0,0.8320610687022901
2013-10-01,W,1,88,524.0,0.16793893129770993
2013-11-01,A,0,228,241.0,0.946058091286307
2013-11-01,A,1,13,241.0,0.05394190871369295
2013-11-01,B,0,2033,2338.0,0.869546621043627
2013-11-01,B,1,305,2338.0,0.13045337895637296
2013-11-01,H,0,924,1113.0,0.8301886792452831
2013-11-01,H,1,189,1113.0,0.16981132075471697
2013-11-01,W,0,369,473.0,0.7801268498942917
2013-11-01,W,1,104,473.0,0.21987315010570824
2013-12-01,A,0,155,170.0,0.9117647058823529
2013-12-01,A,1,15,170.0,0.08823529411764706
2013-12-01,B,0,1773,2163.0,0.8196948682385575
2013-12-01,B,1,390,2163.0,0.18030513176144244
2013-12-01,H,0,852,1010.0,0.8435643564356435
2013-12-01,H,1,158,1010.0,0.15643564356435644
2013-12-01,W,0,333,417.0,0.7985611510791367
2013-12-01,W,1,84,417.0,0.2014388489208633
2014-01-01,A,0,187,211.0,0.8862559241706162
2014-01-01,A,1,24,211.0,0.11374407582938388
2014-01-01,B,0,2187,2710.0,0.8070110701107011
2014-01-01,B,1,523,2710.0,0.1929889298892989
2014-01-01,H,0,1082,1339.0,0.8080657206870799
2014-01-01,H,1,257,1339.0,0.1919342793129201
2014-01-01,W,0,517,546.0,0.9468864468864469
2014-01-01,W,1,29,546.0,0.05311355311355311
2014-02-01,A,0,220,229.0,0.9606986899563319
2014-02-01,A,1,9,229.0,0.039301310043668124
2014-02-01,B,0,1769,2206.0,0.8019038984587489
2014-02-01,B,1,437,2206.0,0.19809610154125112
2014-02-01,H,0,1025,1267.0,0.8089976322020521
2014-02-01,H,1,242,1267.0,0.1910023677979479
2014-02-01,W,0,395,514.0,0.7684824902723736
2014-02-01,W,1,119,514.0,0.23151750972762647
2014-03-01,A,0,220,238.0,0.9243697478991597
2014-03-01,A,1,18,238.0,0.07563025210084033
2014-03-01,B,0,2225,2472.0,0.9000809061488673
2014-03-01,B,1,247,2472.0,0.09991909385113269
2014-03-01,H,0,1135,1338.0,0.8482810164424515
2014-03-01,H,1,203,1338.0,0.1517189835575486
2014-03-01,W,0,576,612.0,0.9411764705882353
2014-03-01,W,1,36,612.0,0.058823529411764705
2014-04-01,A,0,193,241.0,0.8008298755186722
2014-04-01,A,1,48,241.0,0.1991701244813278
2014-04-01,B,0,1914,2376.0,0.8055555555555556
2014-04-01,B,1,462,2376.0,0.19444444444444445
2014-04-01,H,0,969,1262.0,0.7678288431061807
2014-04-01,H,1,293,1262.0,0.23217115689381934
2014-04-01,W,0,521,587.0,0.8875638841567292
2014-04-01,W,1,66,587.0,0.11243611584327087
2014-05-01,A,0,188,229.0,0.8209606986899564
2014-05-01,A,1,41,229.0,0.17903930131004367
2014-05-01,B,0,2212,2583.0,0.8563685636856369
2014-05-01,B,1,371,2583.0,0.14363143631436315
2014-05-01,H,0,1111,1286.0,0.8639191290824261
2014-05-01,H,1,175,1286.0,0.13608087091757387
2014-05-01,W,0,586,596.0,0.9832214765100671
2014-05-01,W,1,10,596.0,0.016778523489932886
2014-06-01,A,0,179,203.0,0.8817733990147784
2014-06-01,A,1,24,203.0,0.11822660098522167
2014-06-01,B,0,1621,1931.0,0.8394614189539099
2014-06-01,B,1,310,1931.0,0.16053858104609012
2014-06-01,H,0,924,1055.0,0.875829383886256
2014-06-01,H,1,131,1055.0,0.12417061611374408
2014-06-01,W,0,374,458.0,0.8165938864628821
2014-06-01,W,1,84,458.0,0.18340611353711792
2014-07-01,A,0,153,184.0,0.8315217391304348
2014-07-01,A,1,31,184.0,0.16847826086956522
2014-07-01,B,0,1633,2066.0,0.7904162633107454
2014-07-01,B,1,433,2066.0,0.2095837366892546
2014-07-01,H,0,755,966.0,0.7815734989648033
2014-07-01,H,1,211,966.0,0.21842650103519667
2014-07-01,W,0,323,436.0,0.7408256880733946
2014-07-01,W,1,113,436.0,0.2591743119266055
2014-08-01,A,0,147,171.0,0.8596491228070176
2014-08-01,A,1,24,171.0,0.14035087719298245
2014-08-01,B,0,2070,2133.0,0.9704641350210971
2014-08-01,B,1,63,2133.0,0.029535864978902954
2014-08-01,H,0,833,956.0,0.8713389121338913
2014-08-01,H,1,123,956.0,0.12866108786610878
2014-08-01,W,0,384,402.0,0.9552238805970149
2014-08-01,W,1,18,402.0,0.04477611940298507
2014-09-01,A,0,137,174.0,0.7873563218390804
2014-09-01,A,1,37,174.0,0.21264367816091953
2014-09-01,B,0,1553,1845.0,0.8417344173441734
2014-09-01,B,1,292,1845.0,0.15826558265582655
2014-09-01,H,0,733,872.0,0.8405963302752294
2014-09-01,H,1,139,872.0,0.15940366972477063
2014-09-01,W,0,349,376.0,0.9281914893617021
2014-09-01,W,1,27,376.0,0.07180851063829788
2014-10-01,A,0,157,174.0,0.9022988505747126
2014-10-01,A,1,17,174.0,0.09770114942528736
2014-10-01,B,0,1613,1898.0,0.8498419388830347
2014-10-01,B,1,285,1898.0,0.15015806111696522
2014-10-01,H,0,764,960.0,0.7958333333333333
2014-10-01,H,1,196,960.0,0.20416666666666666
2014-10-01,W,0,390,456.0,0.8552631578947368
2014-10-01,W,1,66,456.0,0.14473684210526316
2014-11-01,A,0,130,140.0,0.9285714285714286
2014-11-01,A,1,10,140.0,0.07142857142857142
2014-11-01,B,0,1184,1421.0,0.8332160450387052
2014-11-01,B,1,237,1421.0,0.16678395496129486
2014-11-01,H,0,631,772.0,0.8173575129533679
2014-11-01,H,1,141,772.0,0.18264248704663213
2014-11-01,W,0,306,318.0,0.9622641509433962
2014-11-01,W,1,12,318.0,0.03773584905660377
2014-12-01,A,0,62,87.0,0.7126436781609196
2014-12-01,A,1,25,87.0,0.28735632183908044
2014-12-01,B,0,662,678.0,0.976401179941003
2014-12-01,B,1,16,678.0,0.02359882005899705
2014-12-01,H,0,379,416.0,0.9110576923076923
2014-12-01,H,1,37,416.0,0.0889423076923077
2014-12-01,W,0,146,166.0,0.8795180722891566
2014-12-01,W,1,20,166.0,0.12048192771084337
